-- phpMyAdmin SQL Dump
-- version 5.0.2
-- https://www.phpmyadmin.net/
--
-- Host: 127.0.0.1
-- Waktu pembuatan: 24 Jun 2021 pada 06.27
-- Versi server: 10.4.13-MariaDB
-- Versi PHP: 7.4.8

SET SQL_MODE = "NO_AUTO_VALUE_ON_ZERO";
START TRANSACTION;
SET time_zone = "+00:00";


/*!40101 SET @OLD_CHARACTER_SET_CLIENT=@@CHARACTER_SET_CLIENT */;
/*!40101 SET @OLD_CHARACTER_SET_RESULTS=@@CHARACTER_SET_RESULTS */;
/*!40101 SET @OLD_COLLATION_CONNECTION=@@COLLATION_CONNECTION */;
/*!40101 SET NAMES utf8mb4 */;

--
-- Database: `ci4`
--

-- --------------------------------------------------------

--
-- Struktur dari tabel `buys`
--

CREATE TABLE `buys` (
  `id_buy` int(11) UNSIGNED NOT NULL,
  `tgl_buy` date NOT NULL,
  `supplier_id` int(11) UNSIGNED NOT NULL,
  `item_buy` int(3) UNSIGNED NOT NULL,
  `total_buy` double NOT NULL,
  `disk_buy` int(3) NOT NULL,
  `bayar_buy` double NOT NULL
) ENGINE=InnoDB DEFAULT CHARSET=utf8;

--
-- Dumping data untuk tabel `buys`
--

INSERT INTO `buys` (`id_buy`, `tgl_buy`, `supplier_id`, `item_buy`, `total_buy`, `disk_buy`, `bayar_buy`) VALUES
(6, '2020-10-16', 1, 8, 96000, 0, 96000),
(7, '2020-10-16', 1, 8, 96000, 0, 96000),
(9, '2020-10-16', 1, 8, 96000, 0, 96000),
(10, '2020-10-16', 1, 8, 96000, 0, 96000),
(11, '2020-10-16', 1, 8, 96000, 0, 96000),
(12, '2020-10-16', 1, 8, 96000, 0, 96000),
(14, '2020-10-16', 1, 8, 96000, 0, 96000),
(15, '2020-10-16', 1, 8, 96000, 0, 96000),
(17, '2020-10-16', 1, 8, 96000, 0, 96000),
(18, '2020-10-16', 1, 8, 96000, 0, 96000),
(19, '2020-10-16', 1, 8, 96000, 0, 96000),
(22, '2020-10-16', 1, 8, 1582980, 0, 1582980),
(23, '2020-10-16', 1, 8, 650000, 0, 650000),
(24, '2020-10-16', 1, 2, 95000, 0, 95000),
(25, '2020-10-16', 1, 8, 993000, 0, 993000),
(26, '2020-10-28', 1, 1, 125000, 0, 125000),
(27, '2020-10-28', 1, 1, 55000, 0, 55000),
(31, '2020-10-29', 1, 5, 417000, 0, 417000),
(32, '2020-10-29', 1, 1, 180750, 0, 180750),
(35, '2020-10-30', 1, 3, 440000, 0, 440000),
(37, '2020-11-01', 1, 6, 788000, 0, 788000),
(38, '2020-11-01', 1, 2, 232500, 0, 232500),
(39, '2020-11-02', 1, 2, 112500, 0, 112500),
(40, '2020-11-03', 1, 3, 363750, 0, 363750),
(41, '2020-11-03', 1, 1, 170000, 0, 170000),
(42, '2020-11-06', 1, 1, 262500, 0, 262500),
(43, '2020-11-06', 1, 1, 136250, 0, 136250),
(44, '2020-11-07', 1, 3, 282500, 1, 279675),
(46, '2020-11-11', 1, 5, 606500, 0, 606500),
(47, '2020-11-12', 1, 4, 499250, 3, 484272.5),
(48, '2020-11-13', 1, 1, 90000, 0, 90000),
(49, '2020-11-13', 1, 1, 342000, 0, 342000),
(50, '2020-11-15', 1, 7, 522500, 3, 506825),
(52, '2020-11-18', 1, 1, 262500, 0, 262500),
(56, '2020-11-19', 1, 5, 463000, 0, 463000),
(57, '2020-11-21', 1, 4, 518500, 0, 518500),
(58, '2020-11-22', 1, 2, 624000, 0, 624000),
(59, '2020-11-27', 1, 5, 1090500, 0, 1090500),
(60, '2020-11-28', 1, 3, 362500, 0, 362500),
(61, '2020-11-29', 1, 2, 81000, 0, 81000),
(63, '2020-12-01', 1, 5, 775000, 0, 775000),
(64, '2020-12-02', 1, 6, 632000, 0, 632000),
(65, '2020-12-02', 1, 3, 505000, 14, 434300),
(66, '2020-12-06', 1, 4, 568500, 0, 568500),
(67, '2020-12-10', 1, 6, 1182500, 4, 1135200),
(68, '2020-12-11', 1, 4, 826000, 0, 826000),
(69, '2020-12-16', 1, 2, 348000, 0, 348000),
(70, '2020-12-18', 1, 1, 372500, 0, 372500),
(71, '2020-12-19', 1, 2, 415000, 0, 415000),
(72, '2020-12-21', 1, 4, 1032500, 0, 1032500),
(73, '2020-12-25', 1, 5, 1042500, 10, 938250),
(74, '2020-12-27', 1, 3, 484000, 0, 484000),
(75, '2021-01-01', 1, 8, 1171750, 0, 1171750),
(76, '2021-01-01', 1, 8, 1330500, 0, 1330500),
(77, '2021-01-01', 1, 8, 894000, 0, 894000),
(78, '2021-01-01', 1, 8, 809000, 0, 809000),
(79, '2021-01-01', 1, 8, 611750, 0, 611750),
(80, '2021-01-01', 1, 8, 681000, 0, 681000),
(81, '2021-01-01', 1, 8, 1677330, 0, 1677330),
(82, '2021-01-01', 1, 8, 1214375, 0, 1214375),
(83, '2021-01-01', 1, 8, 528500, 0, 528500),
(84, '2021-01-01', 1, 8, 455500, 0, 455500),
(85, '2021-01-01', 1, 3, 187500, 0, 187500),
(86, '2021-01-01', 1, 8, 76000, 0, 76000),
(87, '2021-01-01', 1, 8, 88000, 0, 88000),
(88, '2021-01-01', 1, 8, 88000, 0, 88000),
(89, '2021-01-01', 1, 8, 88000, 0, 88000),
(90, '2021-01-01', 1, 8, 96000, 0, 96000),
(92, '2021-01-01', 1, 7, 80000, 0, 80000),
(93, '2021-01-01', 1, 1, 12000, 0, 12000),
(94, '2021-01-01', 1, 8, 84000, 0, 84000),
(95, '2021-01-01', 1, 8, 84000, 0, 84000),
(96, '2021-01-01', 1, 8, 96000, 0, 96000),
(97, '2021-01-01', 1, 8, 84000, 0, 84000),
(98, '2021-01-01', 1, 7, 80000, 0, 80000),
(99, '2021-01-02', 1, 1, 107320, 0, 107320),
(100, '2021-01-03', 1, 3, 576500, 0, 576500),
(101, '2021-01-06', 1, 4, 667500, 0, 667500),
(102, '2021-01-08', 1, 4, 982250, 0, 982250),
(103, '2021-01-11', 1, 8, 88000, 0, 88000),
(104, '2021-01-11', 1, 5, 36000, 0, 36000),
(105, '2021-01-12', 1, 4, 912500, 0, 912500),
(106, '2021-01-12', 1, 1, 155000, 0, 155000),
(107, '2021-01-14', 1, 4, 613000, 5, 582350),
(108, '2021-01-17', 1, 1, 372500, 0, 372500),
(109, '2021-01-20', 1, 3, 610000, 11, 542900),
(110, '2021-01-27', 1, 4, 770500, 0, 770500),
(111, '2021-02-03', 1, 4, 929000, 0, 929000),
(112, '2021-02-08', 1, 5, 979000, 26, 724460),
(113, '2021-02-12', 1, 2, 865000, 0, 865000),
(114, '2021-02-15', 1, 4, 1042500, 8, 959100),
(115, '2021-02-16', 1, 4, 830000, 0, 830000),
(116, '2021-02-16', 1, 2, 30000, 0, 30000),
(117, '2021-02-18', 1, 3, 607500, 0, 607500),
(118, '2021-02-21', 1, 3, 618500, 0, 618500);

-- --------------------------------------------------------

--
-- Struktur dari tabel `buy_details`
--

CREATE TABLE `buy_details` (
  `id_bdet` int(11) UNSIGNED NOT NULL,
  `buy_id` int(11) UNSIGNED NOT NULL,
  `product_id` int(11) UNSIGNED NOT NULL,
  `product_name` varchar(255) NOT NULL,
  `product_price` double NOT NULL,
  `product_qty` int(5) NOT NULL
) ENGINE=InnoDB DEFAULT CHARSET=utf8;

--
-- Dumping data untuk tabel `buy_details`
--

INSERT INTO `buy_details` (`id_bdet`, `buy_id`, `product_id`, `product_name`, `product_price`, `product_qty`) VALUES
(13, 6, 8, 'TG VIVO Y19', 4000, 3),
(14, 6, 7, 'TG VIVO Y85', 4000, 3),
(15, 6, 6, 'TG VIVO S1', 4000, 3),
(16, 6, 5, 'TG VIVO S1 PRO', 4000, 3),
(17, 6, 4, 'TG VIVO Y11', 4000, 3),
(18, 6, 3, 'TG VIVO Y12', 4000, 3),
(19, 6, 2, 'TG VIVO Y15/Y13', 4000, 3),
(20, 6, 1, 'TG VIVO Y17', 4000, 3),
(21, 7, 17, 'TG REDMI 7A', 4000, 3),
(22, 7, 15, 'TG SAM A10', 4000, 3),
(23, 7, 14, 'TG SAM A10S', 4000, 3),
(24, 7, 13, 'TG SAM A20S', 4000, 3),
(25, 7, 12, 'TG SAM A30S', 4000, 3),
(26, 7, 11, 'TG SAM GALAXY V', 4000, 3),
(27, 7, 10, 'TG SAM A01', 4000, 3),
(28, 7, 9, 'TG VIVO V5', 4000, 3),
(29, 9, 23, 'TG REDMI 8A PRO', 4000, 3),
(30, 9, 24, 'TG REDMI NOTE 8', 4000, 3),
(31, 9, 19, 'TG REDMI 9', 4000, 3),
(32, 9, 21, 'TG REDMI 8', 4000, 3),
(33, 9, 20, 'TG REDMI 9A', 4000, 3),
(34, 9, 18, 'TG REDMI NOTE 9 PRO', 4000, 3),
(35, 9, 17, 'TG REDMI 7A', 4000, 3),
(36, 9, 129, 'TG SAM A20', 4000, 3),
(37, 10, 31, 'TG OPPO REALME C15', 4000, 3),
(38, 10, 30, 'TG OPPO REALME C12', 4000, 3),
(39, 10, 29, 'TG OPPO REALME C11', 4000, 3),
(40, 10, 28, 'TG OPPO REALME 5', 4000, 3),
(41, 10, 27, 'TG OPPO REALME 5I', 4000, 3),
(42, 10, 26, 'TG OPPO REALME C3', 4000, 3),
(43, 10, 25, 'TG OPPO REALME C2 A1K', 4000, 3),
(44, 10, 22, 'TG REDMI 8A', 4000, 3),
(45, 11, 39, 'TG VIVO 15', 4000, 3),
(46, 11, 38, 'TG VIVO Y30', 4000, 3),
(47, 11, 37, 'TG VIVO Y71', 4000, 3),
(48, 11, 36, 'TG VIVO Y97', 4000, 3),
(49, 11, 35, 'TG VIVO Y53', 4000, 3),
(50, 11, 34, 'TG VIVO Y50', 4000, 3),
(51, 11, 32, 'TG OPPO REALME 6I', 4000, 3),
(52, 11, 33, 'TG OPPO REALME 6', 4000, 3),
(53, 12, 47, 'TG REDMI NOTE 5A', 4000, 3),
(54, 12, 46, 'TG REDMI NOTE 5', 4000, 3),
(55, 12, 45, 'TG REDMI 6A', 4000, 3),
(56, 12, 44, 'TG REDMI NOTE 7', 4000, 3),
(57, 12, 43, 'TG VIVO Y93', 4000, 3),
(58, 12, 42, 'TG VIVO Y95', 4000, 3),
(59, 12, 41, 'TG VIVO Y91C', 4000, 3),
(60, 12, 40, 'TG VIVO Y91', 4000, 3),
(61, 14, 54, 'TG OPPO A72 NEW', 4000, 3),
(62, 14, 53, 'TG OPPO A5 2020', 4000, 3),
(63, 14, 52, 'TG REDMI NOTE 3', 4000, 3),
(64, 14, 51, 'TG REDMI 3', 4000, 3),
(65, 14, 50, 'TG REDMI 4A', 4000, 3),
(66, 14, 49, 'TG REDMI 4X', 4000, 3),
(67, 14, 48, 'TG REDMI NOTE 4X', 4000, 3),
(68, 14, 130, 'TG REDMI 5A', 4000, 3),
(69, 15, 62, 'TG OPPO A9 2020', 4000, 3),
(70, 15, 61, 'TG OPPO F11', 4000, 3),
(71, 15, 60, 'TG OPPO F1S', 4000, 3),
(72, 15, 59, 'TG OPPO F1+', 4000, 3),
(73, 15, 58, 'TG OPPO F1', 4000, 3),
(74, 15, 57, 'TG OPPO NEO 9', 4000, 3),
(75, 15, 56, 'TG OPPO NEO 7', 4000, 3),
(76, 15, 55, 'TG OPPO A71', 4000, 3),
(77, 17, 67, 'TG OPPO A7 NEW', 4000, 3),
(78, 17, 66, 'TG OPPO A53', 4000, 3),
(79, 17, 65, 'TG OPPO A31 2020', 4000, 3),
(80, 17, 64, 'TG OPPO A5S', 4000, 3),
(81, 17, 63, 'TG OPPO A3S', 4000, 3),
(82, 17, 133, 'TG OPPO A92 2020', 4000, 3),
(83, 17, 132, 'TG OPPO RENO 4', 4000, 3),
(84, 17, 131, 'TG OPPO RENO 2F', 4000, 3),
(85, 18, 76, 'TG SAM J3', 4000, 3),
(86, 18, 75, 'TG SAM J2 PRIME', 4000, 3),
(87, 18, 73, 'TG SAM J1 ACE', 4000, 3),
(88, 18, 72, 'TG SAM J1 MINI', 4000, 3),
(89, 18, 71, 'TG SAM J5', 4000, 3),
(90, 18, 70, 'TG SAM J5 PRIME', 4000, 3),
(91, 18, 69, 'TG SAM A31 NEW', 4000, 3),
(92, 18, 68, 'TG SAM A11 2020', 4000, 3),
(93, 19, 84, 'TG UNI 4,3', 4000, 3),
(94, 19, 83, 'TG UNI 4,5', 4000, 3),
(95, 19, 82, 'TG UNI 4,7', 4000, 3),
(96, 19, 81, 'TG UNI 5,0', 4000, 3),
(97, 19, 80, 'TG UNI 5,3', 4000, 3),
(98, 19, 79, 'TG UNI 5,5', 4000, 3),
(99, 19, 78, 'TG UNI 5,7', 4000, 3),
(100, 19, 77, 'TG SAM J3-16', 4000, 3),
(106, 22, 92, 'SPEAKER BT NR101', 80000, 1),
(107, 22, 91, 'SPEAKER BLUETOOTH TG-162', 50000, 1),
(108, 22, 90, 'KABEL FOOMEE NK10S TIPE C', 10750, 40),
(109, 22, 89, 'BATOK ROBOT K6', 17500, 20),
(110, 22, 88, 'KABEL VIVAN CSM100 NEW', 9125, 40),
(111, 22, 87, 'KABEL ROBOT RBM100', 5366, 30),
(112, 22, 86, 'TRIPOD 1M', 45000, 3),
(113, 22, 85, 'TG UNI 4,0', 4000, 3),
(114, 23, 100, 'TC OPPO ORIGINAL FAST CHARGING', 37500, 2),
(115, 23, 99, 'TC XIOMI ORIGINAL 100%', 37500, 2),
(116, 23, 98, 'TC REALME TYPE C X20 PRO', 47500, 2),
(117, 23, 97, 'HOLDER MOTOR PINZY', 25000, 2),
(118, 23, 96, 'HF SAMSUNG AKG S8', 10000, 3),
(119, 23, 95, 'HF BLUETOOTH INFODS 112', 50000, 3),
(120, 23, 94, 'SAVER MOBIL ROBOT RT-C06', 35000, 3),
(121, 23, 93, 'SPEAKER KARAOKE S339', 70000, 1),
(122, 24, 101, 'TC REALME QC 3,0', 27500, 2),
(123, 24, 102, 'TC SAMSUNG S10 FAST CHARGING', 20000, 2),
(124, 25, 110, 'FD PINZY+OTG 32GB', 65000, 3),
(125, 25, 109, 'MMC V-GEN 8GB', 33000, 3),
(126, 25, 108, 'MMC V-GEN 32GB (CLAS 10)', 64000, 4),
(127, 25, 107, 'MMC V-GEN 16GB', 39500, 4),
(128, 25, 105, 'HF V-GEN VEP 1-10', 18500, 3),
(129, 25, 104, 'HF V-GEN VEP 1-11', 19000, 3),
(130, 25, 103, 'HF BLUETOOTH KALUNG PINZY B7', 32500, 3),
(131, 25, 134, 'TC VIVO ORIGINAL FAST CHARGING', 37500, 2),
(132, 26, 119, 'TC BRAND DELL 2A', 12500, 10),
(133, 27, 101, 'TC REALME QC 3,0', 27500, 2),
(140, 31, 173, 'V AXIS 1GB 5D', 7750, 5),
(141, 31, 151, 'V XL 11GB', 37250, 3),
(142, 31, 171, 'V TELKOMSEL 1,5GB', 9500, 2),
(143, 31, 174, 'V IM3 3GB', 15000, 5),
(144, 31, 175, 'V IM3 10GB', 34500, 5),
(145, 32, 172, 'V XL 21GB', 60250, 3),
(146, 35, 156, 'V Axis 4GB 30D', 16500, 5),
(147, 35, 150, 'V XL 6GB', 26250, 10),
(148, 35, 176, 'V IM3 1,5GB 5D', 9500, 10),
(149, 37, 173, 'V AXIS 1GB 5D', 7750, 5),
(150, 37, 160, 'V tri 3GB', 18000, 5),
(151, 37, 172, 'V XL 21GB', 60250, 3),
(152, 37, 141, 'V TELKOMSEL 3,5GB', 20000, 5),
(153, 37, 175, 'V IM3 10GB', 34500, 3),
(154, 37, 177, 'V TELKOMSEL 8 GB', 55000, 5),
(155, 38, 178, 'MASKER VENUS', 700, 150),
(156, 38, 179, 'MASKER HIJAB', 850, 150),
(157, 39, 140, 'V TELKOMSEL 2,5GB', 13000, 5),
(158, 39, 171, 'V TELKOMSEL 1,5GB', 9500, 5),
(159, 40, 146, 'V IM3 6GB', 24500, 6),
(160, 40, 151, 'V XL 11GB', 37250, 3),
(161, 40, 178, 'MASKER VENUS', 700, 150),
(162, 41, 180, 'V TRI 6GB', 34000, 5),
(163, 42, 150, 'V XL 6GB', 26250, 10),
(164, 43, 148, 'SP XL 6GB', 27250, 5),
(165, 44, 140, 'V TELKOMSEL 2,5GB', 13000, 10),
(166, 44, 173, 'V AXIS 1GB 5D', 7750, 10),
(167, 44, 174, 'V IM3 3GB', 15000, 5),
(173, 46, 114, 'HF MACARON U19', 15000, 4),
(174, 46, 171, 'V TELKOMSEL 1,5GB', 9500, 10),
(175, 46, 151, 'V XL 11GB', 37250, 4),
(176, 46, 150, 'V XL 6GB', 26250, 10),
(177, 46, 181, 'HF ORI SAMSUNG', 8000, 5),
(178, 47, 141, 'V TELKOMSEL 3,5GB', 20000, 10),
(179, 47, 173, 'V AXIS 1GB 5D', 7750, 10),
(180, 47, 176, 'V IM3 1,5GB 5D', 9500, 9),
(181, 47, 148, 'SP XL 6GB', 27250, 5),
(182, 48, 174, 'V IM3 3GB', 15000, 6),
(183, 49, 182, 'V IM3 3 GB UNL', 57000, 6),
(184, 50, 140, 'V TELKOMSEL 2,5GB', 13000, 10),
(185, 50, 151, 'V XL 11GB', 37250, 10),
(186, 50, 183, 'TG IPHONE 6', 4000, 1),
(187, 50, 184, 'ANTI CRACK REDMI 5A', 4000, 1),
(188, 50, 185, 'ANTI CRACK REDMI 8A', 4000, 1),
(189, 50, 186, 'BLACKMATE REDMI 5A', 4000, 1),
(190, 50, 187, 'BLACKMATE REALME 3', 4000, 1),
(194, 52, 150, 'V XL 6GB', 26250, 10),
(195, 56, 140, 'V TELKOMSEL 2,5GB', 13000, 20),
(196, 56, 171, 'V TELKOMSEL 1,5GB', 9500, 20),
(197, 56, 188, 'ANTI CRACK OPPO A3S', 4000, 1),
(198, 56, 189, 'BLACKMATE REALME C12', 5000, 1),
(199, 56, 190, 'BLACKMATE REDMI 5', 4000, 1),
(200, 57, 173, 'V AXIS 1GB 5D', 7750, 10),
(201, 57, 176, 'V IM3 1,5GB 5D', 9500, 9),
(202, 57, 146, 'V IM3 6GB', 24500, 9),
(203, 57, 174, 'V IM3 3GB', 15000, 9),
(204, 58, 172, 'V XL 21GB', 60250, 6),
(205, 58, 150, 'V XL 6GB', 26250, 10),
(206, 59, 194, 'BLACKMATE SAM A10S', 4000, 1),
(207, 59, 192, 'TG IPHONE 6S', 4000, 3),
(208, 59, 193, 'TG OPPO F5', 4000, 3),
(209, 59, 150, 'V XL 6GB', 26250, 10),
(210, 59, 191, 'BATOK FOOME CC17', 20000, 40),
(211, 60, 173, 'V AXIS 1GB 5D', 7750, 10),
(212, 60, 174, 'V IM3 3GB', 15000, 6),
(213, 60, 195, 'V SMART UNLI 7 HARI', 19500, 10),
(214, 61, 196, 'OTG TYPE C WELLCOMM', 12000, 3),
(215, 61, 114, 'HF MACARON U19', 15000, 3),
(216, 63, 198, 'V AXIS 3GB 15D', 19000, 10),
(217, 63, 114, 'HF MACARON U19', 15000, 2),
(218, 63, 173, 'V AXIS 1GB 5D', 7750, 6),
(219, 63, 151, 'V XL 11GB', 37250, 10),
(220, 63, 197, 'HF MACARON U35', 17000, 8),
(221, 64, 203, 'TC XIAOMI ORI QUALCOM 3.0 TYPE C', 26000, 3),
(222, 64, 202, 'TC XIAOMI ORI QUALCOM 3.0', 25000, 3),
(223, 64, 181, 'HF ORI SAMSUNG', 8000, 10),
(224, 64, 201, 'TC FOOMEE CC18 V8', 38000, 3),
(225, 64, 200, 'TC FOOMEE CC29 TYPE C', 43000, 3),
(226, 64, 199, 'TC BRAND FT', 13000, 12),
(227, 65, 148, 'SP XL 6GB', 27250, 10),
(228, 65, 174, 'V IM3 3GB', 15000, 12),
(229, 65, 152, 'Sp Axis 3GB', 10500, 5),
(230, 66, 160, 'V TRI 3GB', 18000, 5),
(231, 66, 175, 'V IM3 10GB', 34500, 6),
(232, 66, 176, 'V IM3 1,5GB 5D', 9500, 12),
(233, 66, 150, 'V XL 6GB', 26250, 6),
(234, 67, 177, 'V TELKOMSEL 8 GB', 55000, 6),
(235, 67, 140, 'V TELKOMSEL 2,5GB', 13000, 10),
(236, 67, 141, 'V TELKOMSEL 3,5GB', 20000, 10),
(237, 67, 180, 'V TRI 6GB', 34000, 5),
(238, 67, 160, 'V TRI 3GB', 18000, 5),
(239, 67, 150, 'V XL 6GB', 26250, 10),
(240, 68, 172, 'V XL 21GB', 60250, 6),
(241, 68, 175, 'V IM3 10GB', 34500, 6),
(242, 68, 174, 'V IM3 3GB', 15000, 12),
(243, 68, 173, 'V AXIS 1GB 5D', 7750, 10),
(244, 69, 176, 'V IM3 1,5GB 5D', 9500, 9),
(245, 69, 150, 'V XL 6GB', 26250, 10),
(246, 70, 151, 'V XL 11GB', 37250, 10),
(247, 71, 140, 'V TELKOMSEL 2,5GB', 13000, 20),
(248, 71, 173, 'V AXIS 1GB 5D', 7750, 20),
(249, 72, 168, 'V smart 6GB unl Nonstop', 28000, 6),
(250, 72, 174, 'V IM3 3GB', 15000, 10),
(251, 72, 182, 'V IM3 3 GB UNL', 57000, 6),
(252, 72, 151, 'V XL 11GB', 37250, 10),
(253, 73, 178, 'MASKER VENUS', 700, 200),
(254, 73, 174, 'V IM3 3GB', 15000, 12),
(255, 73, 141, 'V TELKOMSEL 3,5GB', 20000, 10),
(256, 73, 140, 'V TELKOMSEL 2,5GB', 13000, 20),
(257, 73, 150, 'V XL 6GB', 26250, 10),
(258, 74, 198, 'V AXIS 3GB 15D', 19000, 10),
(259, 74, 176, 'V IM3 1,5GB 5D', 9500, 12),
(260, 74, 155, 'V AXIS 2GB 30D', 22500, 8),
(261, 75, 152, 'Sp Axis 3GB', 10500, 4),
(262, 75, 153, 'SP AXIS 5,5GB', 19000, 6),
(263, 75, 155, 'V AXIS 2GB 30D', 22500, 7),
(264, 75, 198, 'V AXIS 3GB 15D', 19000, 12),
(265, 75, 173, 'V AXIS 1GB 5D', 7750, 20),
(266, 75, 148, 'SP XL 6GB', 27250, 7),
(267, 75, 150, 'V XL 6GB', 26250, 8),
(268, 75, 151, 'V XL 11GB', 37250, 2),
(269, 76, 143, 'Sp IM3 3GB', 12000, 6),
(270, 76, 144, 'Sp IM3 6GB', 21000, 6),
(271, 76, 145, 'Sp IM3 10GB', 28000, 7),
(272, 76, 182, 'V IM3 3 GB UNL', 57000, 6),
(273, 76, 175, 'V IM3 10GB', 34500, 8),
(274, 76, 146, 'V IM3 6GB', 24500, 7),
(275, 76, 174, 'V IM3 3GB', 15000, 6),
(276, 76, 176, 'V IM3 1,5GB 5D', 9500, 6),
(277, 77, 138, 'Sp as reguler', 8500, 4),
(278, 77, 139, 'SP TELKOMSEL 5GB', 18000, 10),
(279, 77, 141, 'V TELKOMSEL 3,5GB', 20000, 9),
(280, 77, 171, 'V TELKOMSEL 1,5GB', 9500, 11),
(281, 77, 140, 'V TELKOMSEL 2,5GB', 13000, 10),
(282, 77, 180, 'V TRI 6GB', 34000, 6),
(283, 77, 160, 'V TRI 3GB', 18000, 3),
(284, 77, 142, 'Sp IM3 2GB', 7500, 1),
(285, 78, 164, 'SP SMART 6GB UNL NONSTOP', 28000, 7),
(286, 78, 163, 'SP SMART 5GB', 12500, 6),
(287, 78, 162, 'SP SMART 3,5GB', 17000, 7),
(288, 78, 161, 'Sp smart 2GB', 9000, 7),
(289, 78, 167, 'V SMART 2,5GB', 5000, 3),
(290, 78, 168, 'V smart 6GB unl Nonstop', 28000, 4),
(291, 78, 169, 'V smart 30GB', 56000, 2),
(292, 78, 195, 'V SMART UNLI 7 HARI', 19500, 6),
(293, 79, 125, 'ADAFTOR SIM CARD NOOSY', 250, 5),
(294, 79, 124, 'OTG ANDROID', 1500, 20),
(295, 79, 120, 'HF BLUETOOTH BRANDED', 20000, 2),
(296, 79, 94, 'SAVER MOBIL ROBOT RT-C06', 35000, 2),
(297, 79, 121, 'OTG KABEL', 2500, 3),
(298, 79, 122, 'KABEL JACK 2 IN 1 RCA BESAR', 6000, 6),
(299, 79, 166, 'SP SMART UNLI LITE', 53000, 5),
(300, 79, 165, 'SP SMART 10GB', 27000, 6),
(301, 80, 109, 'MMC V-GEN 8GB', 33000, 3),
(302, 80, 110, 'FD PINZY+OTG 32GB', 65000, 3),
(303, 80, 111, 'FD PINZY+OTG 16GB', 60000, 3),
(304, 80, 196, 'OTG TYPE C WELLCOMM', 12000, 3),
(305, 80, 181, 'HF ORI SAMSUNG', 8000, 13),
(306, 80, 204, 'JACK BLUETOOTH MUSIC', 15000, 2),
(307, 80, 205, 'FD BLUETOOTH MUSIC', 11000, 2),
(308, 80, 206, 'HOLDER TRIPOD', 5000, 3),
(309, 81, 87, 'KABEL ROBOT RBM100', 5366, 5),
(310, 81, 91, 'SPEAKER BLUETOOTH TG-162', 50000, 1),
(311, 81, 92, 'SPEAKER BT NR101', 80000, 1),
(312, 81, 86, 'TRIPOD 1M', 45000, 3),
(313, 81, 89, 'BATOK ROBOT K6', 17500, 18),
(314, 81, 191, 'BATOK FOOME CC17', 20000, 38),
(315, 81, 108, 'MMC V-GEN 32GB (CLAS 10)', 64000, 3),
(316, 81, 106, 'MMC V-GEN 16GB', 39500, 3),
(317, 82, 116, 'HF REALME BUDS', 14000, 3),
(318, 82, 103, 'HF BLUETOOTH KALUNG PINZY B7', 32500, 3),
(319, 82, 197, 'HF MACARON U35', 17000, 7),
(320, 82, 114, 'HF MACARON U19', 15000, 5),
(321, 82, 178, 'MASKER VENUS', 700, 200),
(322, 82, 90, 'KABEL FOOMEE NK10S TIPE C', 10750, 40),
(323, 82, 88, 'KABEL VIVAN CSM100 NEW', 9125, 31),
(324, 82, 207, 'TYPE C AUDIO JACK', 4000, 7),
(325, 83, 112, 'HF HI-FI ENJOY MUSIK D21', 10000, 2),
(326, 83, 117, 'HF FOOME QA06', 16000, 3),
(327, 83, 199, 'TC BRAND FT', 13000, 3),
(328, 83, 119, 'TC BRANDED 2A', 12500, 9),
(329, 83, 201, 'TC FOOMEE CC18 V8', 38000, 3),
(330, 83, 203, 'TC XIAOMI ORI QUALCOM 3.0 TYPE C', 26000, 3),
(331, 83, 202, 'TC XIAOMI ORI QUALCOM 3.0', 25000, 3),
(332, 83, 115, 'HF REALME BUDS 2', 14000, 3),
(333, 84, 134, 'TC VIVO ORIGINAL FAST CHARGING', 37500, 2),
(334, 84, 100, 'TC OPPO ORIGINAL FAST CHARGING', 37500, 2),
(335, 84, 96, 'HF SAMSUNG AKG S8', 10000, 2),
(336, 84, 113, 'HF JBL JB63', 14000, 1),
(337, 84, 118, 'HF NEPTUNE NP-03', 10000, 3),
(338, 84, 105, 'HF V-GEN VEP 1-10', 18500, 3),
(339, 84, 104, 'HF V-GEN VEP 1-11', 19000, 3),
(340, 84, 200, 'TC FOOMEE CC29 TYPE C', 43000, 3),
(341, 85, 99, 'TC XIOMI ORIGINAL 100%', 37500, 1),
(342, 85, 101, 'TC REALME QC 3,0', 27500, 2),
(343, 85, 98, 'TC REALME TYPE C X20 PRO', 47500, 2),
(344, 86, 30, 'TG OPPO REALME C12', 4000, 1),
(345, 86, 29, 'TG OPPO REALME C11', 4000, 3),
(346, 86, 32, 'TG OPPO REALME 6I', 4000, 3),
(347, 86, 33, 'TG OPPO REALME 6', 4000, 2),
(348, 86, 27, 'TG OPPO REALME 5I', 4000, 3),
(349, 86, 28, 'TG OPPO REALME 5', 4000, 3),
(350, 86, 26, 'TG OPPO REALME C3', 4000, 3),
(351, 86, 25, 'TG OPPO REALME C2 A1K', 4000, 1),
(352, 87, 47, 'TG REDMI NOTE 5A', 4000, 2),
(353, 87, 46, 'TG REDMI NOTE 5', 4000, 3),
(354, 87, 48, 'TG REDMI NOTE 4X', 4000, 3),
(355, 87, 49, 'TG REDMI 4X', 4000, 3),
(356, 87, 50, 'TG REDMI 4A', 4000, 3),
(357, 87, 52, 'TG REDMI NOTE 3', 4000, 2),
(358, 87, 51, 'TG REDMI 3', 4000, 3),
(359, 87, 31, 'TG OPPO REALME C15', 4000, 3),
(360, 88, 35, 'TG VIVO Y53', 4000, 3),
(361, 88, 18, 'TG REDMI NOTE 9 PRO', 4000, 2),
(362, 88, 19, 'TG REDMI 9', 4000, 3),
(363, 88, 21, 'TG REDMI 8', 4000, 3),
(364, 88, 24, 'TG REDMI NOTE 8', 4000, 3),
(365, 88, 44, 'TG REDMI NOTE 7', 4000, 2),
(366, 88, 17, 'TG REDMI 7A', 4000, 3),
(367, 88, 56, 'TG OPPO NEO 7', 4000, 3),
(368, 89, 37, 'TG VIVO Y71', 4000, 3),
(369, 89, 40, 'TG VIVO Y91', 4000, 3),
(370, 89, 41, 'TG VIVO Y91C', 4000, 3),
(371, 89, 36, 'TG VIVO Y97', 4000, 3),
(372, 89, 4, 'TG VIVO Y11', 4000, 3),
(373, 89, 3, 'TG VIVO Y12', 4000, 1),
(374, 89, 39, 'TG VIVO V15', 4000, 3),
(375, 89, 2, 'TG VIVO Y15/Y13', 4000, 3),
(376, 90, 1, 'TG VIVO Y17', 4000, 3),
(377, 90, 8, 'TG VIVO Y19', 4000, 3),
(378, 90, 9, 'TG VIVO V5', 4000, 3),
(379, 90, 38, 'TG VIVO Y30', 4000, 3),
(380, 90, 34, 'TG VIVO Y50', 4000, 3),
(381, 90, 6, 'TG VIVO S1', 4000, 3),
(382, 90, 5, 'TG VIVO S1 PRO', 4000, 3),
(383, 90, 42, 'TG VIVO Y95', 4000, 3),
(384, 92, 133, 'TG OPPO A92 2020', 4000, 3),
(385, 92, 61, 'TG OPPO F11', 4000, 3),
(386, 92, 60, 'TG OPPO F1S', 4000, 3),
(387, 92, 58, 'TG OPPO F1', 4000, 3),
(388, 92, 193, 'TG OPPO F5', 4000, 2),
(389, 92, 208, 'TG OPPO A37', 4000, 3),
(390, 92, 43, 'TG VIVO Y93', 4000, 3),
(391, 93, 209, 'TG OPPO A92', 4000, 3),
(392, 94, 63, 'TG OPPO A3S', 4000, 3),
(393, 94, 53, 'TG OPPO A5 2020', 4000, 3),
(394, 94, 54, 'TG OPPO A72 NEW', 4000, 3),
(395, 94, 55, 'TG OPPO A71', 4000, 2),
(396, 94, 23, 'TG REDMI 8A PRO', 4000, 3),
(397, 94, 7, 'TG VIVO Y85', 4000, 3),
(398, 94, 45, 'TG REDMI 6A', 4000, 2),
(399, 94, 15, 'TG SAM A10', 4000, 2),
(400, 95, 77, 'TG SAM J3-16', 4000, 3),
(401, 95, 71, 'TG SAM J5', 4000, 3),
(402, 95, 10, 'TG SAM A01', 4000, 3),
(403, 95, 14, 'TG SAM A10S', 4000, 1),
(404, 95, 129, 'TG SAM A20', 4000, 3),
(405, 95, 11, 'TG SAM GALAXY V', 4000, 3),
(406, 95, 70, 'TG SAM J5 PRIME', 4000, 3),
(407, 95, 13, 'TG SAM A20S', 4000, 2),
(408, 96, 65, 'TG OPPO A31 2020', 4000, 3),
(409, 96, 67, 'TG OPPO A7 NEW', 4000, 3),
(410, 96, 131, 'TG OPPO RENO 2F', 4000, 3),
(411, 96, 64, 'TG OPPO A5S', 4000, 3),
(412, 96, 59, 'TG OPPO F1+', 4000, 3),
(413, 96, 132, 'TG OPPO RENO 4', 4000, 3),
(414, 96, 12, 'TG SAM A30S', 4000, 3),
(415, 96, 76, 'TG SAM J3', 4000, 3),
(416, 97, 79, 'TG UNI 5,5', 4000, 3),
(417, 97, 81, 'TG UNI 5,0', 4000, 1),
(418, 97, 78, 'TG UNI 5,7', 4000, 3),
(419, 97, 80, 'TG UNI 5,3', 4000, 3),
(420, 97, 82, 'TG UNI 4,7', 4000, 3),
(421, 97, 84, 'TG UNI 4,3', 4000, 3),
(422, 97, 83, 'TG UNI 4,5', 4000, 2),
(423, 97, 66, 'TG OPPO A53', 4000, 3),
(424, 98, 183, 'TG IPHONE 6', 4000, 2),
(425, 98, 16, 'TG REDMI 7', 4000, 3),
(426, 98, 22, 'TG REDMI 8A', 4000, 3),
(427, 98, 73, 'TG SAM J1 ACE', 4000, 3),
(428, 98, 69, 'TG SAM A31 NEW', 4000, 3),
(429, 98, 68, 'TG SAM A11 2020', 4000, 3),
(430, 98, 72, 'TG SAM J1 MINI', 4000, 3),
(431, 99, 87, 'KABEL ROBOT RBM100', 5366, 20),
(432, 100, 174, 'V IM3 3GB', 15000, 6),
(433, 100, 176, 'V IM3 1,5GB 5D', 9500, 12),
(434, 100, 151, 'V XL 11GB', 37250, 10),
(435, 101, 140, 'V TELKOMSEL 2,5GB', 13000, 10),
(436, 101, 171, 'V TELKOMSEL 1,5GB', 9500, 10),
(437, 101, 174, 'V IM3 3GB', 15000, 12),
(438, 101, 150, 'V XL 6GB', 26250, 10),
(439, 102, 142, 'Sp IM3 2GB', 7500, 10),
(440, 102, 160, 'V TRI 3GB', 18000, 6),
(441, 102, 151, 'V XL 11GB', 37250, 13),
(442, 102, 150, 'V XL 6GB', 26250, 12),
(443, 103, 68, 'TG SAM A11 2020', 4000, 3),
(444, 103, 57, 'TG OPPO NEO 9', 4000, 3),
(445, 103, 81, 'TG UNI 5,0', 4000, 3),
(446, 103, 75, 'TG SAM J2 PRIME', 4000, 3),
(447, 103, 20, 'TG REDMI 9A', 4000, 3),
(448, 103, 130, 'TG REDMI 5A', 4000, 3),
(449, 103, 14, 'TG SAM A10S', 4000, 3),
(450, 103, 194, 'BLACKMATE SAM A10S', 4000, 1),
(451, 104, 25, 'TG OPPO REALME C2 A1K', 4000, 3),
(452, 104, 210, 'TG VIVO Y20', 4000, 3),
(453, 104, 211, 'BLACKMATE SAM M20', 4000, 1),
(454, 104, 212, 'BLACKMATE REALME C15', 4000, 1),
(455, 104, 213, 'BLACKMATE OPPO A5/A9 2020', 4000, 1),
(456, 105, 141, 'V TELKOMSEL 3,5GB', 20000, 10),
(457, 105, 177, 'V TELKOMSEL 8 GB', 55000, 6),
(458, 105, 172, 'V XL 21GB', 60250, 6),
(459, 105, 214, 'TG PREMIUM REALME 5 PRO', 7000, 3),
(460, 106, 173, 'V AXIS 1GB 5D', 7750, 20),
(461, 107, 150, 'V XL 6GB', 26250, 10),
(462, 107, 174, 'V IM3 3GB', 15000, 9),
(463, 107, 176, 'V IM3 1,5GB 5D', 9500, 9),
(464, 107, 140, 'V TELKOMSEL 2,5GB', 13000, 10),
(465, 108, 151, 'V XL 11GB', 37250, 10),
(466, 109, 195, 'V SMART UNLI 7 HARI', 19500, 10),
(467, 109, 140, 'V TELKOMSEL 2,5GB', 13000, 20),
(468, 109, 173, 'V AXIS 1GB 5D', 7750, 20),
(469, 110, 176, 'V IM3 1,5GB 5D', 9500, 12),
(470, 110, 164, 'SP SMART 6GB UNL NONSTOP', 28000, 5),
(471, 110, 172, 'V XL 21GB', 60250, 6),
(472, 110, 173, 'V AXIS 1GB 5D', 7750, 20),
(473, 111, 176, 'V IM3 1,5GB 5D', 9500, 12),
(474, 111, 174, 'V IM3 3GB', 15000, 12),
(475, 111, 150, 'V XL 6GB', 26250, 10),
(476, 111, 151, 'V XL 11GB', 37250, 10),
(477, 112, 198, 'V AXIS 3GB 15D', 19000, 20),
(478, 112, 173, 'V AXIS 1GB 5D', 7750, 20),
(479, 112, 176, 'V IM3 1,5GB 5D', 9500, 12),
(480, 112, 141, 'V TELKOMSEL 3,5GB', 20000, 10),
(481, 112, 140, 'V TELKOMSEL 2,5GB', 13000, 10),
(482, 113, 150, 'V XL 6GB', 26250, 10),
(483, 113, 172, 'V XL 21GB', 60250, 10),
(484, 114, 178, 'MASKER VENUS', 700, 300),
(485, 114, 175, 'V IM3 10GB', 34500, 9),
(486, 114, 174, 'V IM3 3GB', 15000, 12),
(487, 114, 182, 'V IM3 3 GB UNL', 57000, 6),
(488, 115, 195, 'V SMART UNLI 7 HARI', 19500, 5),
(489, 115, 168, 'V SMART 6GB UNL NONSTOP', 28000, 5),
(490, 115, 150, 'V XL 6GB', 26250, 10),
(491, 115, 177, 'V TELKOMSEL 8 GB', 55000, 6),
(492, 116, 215, 'TG OPPO A71 FULL CRAMIC', 5000, 3),
(493, 116, 216, 'TG OPPO A5 2020 FULL CRAMIC', 5000, 3),
(494, 117, 173, 'V AXIS 1GB 5D', 7750, 20),
(495, 117, 139, 'SP TELKOMSEL 5GB', 18000, 10),
(496, 117, 148, 'SP XL 6GB', 27250, 10),
(497, 118, 151, 'V XL 11GB', 37400, 10),
(498, 118, 140, 'V TELKOMSEL 2,5GB', 9750, 10),
(499, 118, 146, 'V IM3 6GB', 24500, 6);

--
-- Trigger `buy_details`
--
DELIMITER $$
CREATE TRIGGER `stok_product_change_buy_detail_delete` AFTER DELETE ON `buy_details` FOR EACH ROW BEGIN    
    UPDATE products SET stok_product = stok_product - OLD.product_qty
    WHERE id_product = OLD.product_id;
END
$$
DELIMITER ;

-- --------------------------------------------------------

--
-- Struktur dari tabel `customers`
--

CREATE TABLE `customers` (
  `id_costumer` int(11) NOT NULL,
  `name_costumer` varchar(70) NOT NULL,
  `address_costumer` text NOT NULL,
  `telp_costumer` int(11) NOT NULL
) ENGINE=InnoDB DEFAULT CHARSET=utf8mb4;

--
-- Dumping data untuk tabel `customers`
--

INSERT INTO `customers` (`id_costumer`, `name_costumer`, `address_costumer`, `telp_costumer`) VALUES
(1, 'jhdsbkjfsd', 'cempaka', 1234),
(4, 'dasf', 'asdf', 221);

-- --------------------------------------------------------

--
-- Struktur dari tabel `ik_no`
--

CREATE TABLE `ik_no` (
  `short_name` varchar(3) COLLATE utf8_bin NOT NULL,
  `year_month` varchar(4) COLLATE utf8_bin NOT NULL,
  `last_number` int(5) NOT NULL
) ENGINE=InnoDB DEFAULT CHARSET=utf8 COLLATE=utf8_bin;

--
-- Dumping data untuk tabel `ik_no`
--

INSERT INTO `ik_no` (`short_name`, `year_month`, `last_number`) VALUES
('MGP', '2106', 1);

-- --------------------------------------------------------

--
-- Struktur dari tabel `mutasi`
--

CREATE TABLE `mutasi` (
  `id_mutasi` int(11) NOT NULL,
  `tgl_mutasi` date NOT NULL,
  `store_id` int(11) NOT NULL,
  `disc_mutasi` int(11) NOT NULL,
  `total_mutasi` int(11) NOT NULL
) ENGINE=InnoDB DEFAULT CHARSET=utf8mb4;

-- --------------------------------------------------------

--
-- Struktur dari tabel `mutasi_details`
--

CREATE TABLE `mutasi_details` (
  `id_mdet` int(11) NOT NULL,
  `mutasi_id` int(11) NOT NULL,
  `product_id` int(11) NOT NULL,
  `product_name` varchar(255) NOT NULL,
  `product_price` int(11) NOT NULL,
  `product_qty` int(11) NOT NULL
) ENGINE=InnoDB DEFAULT CHARSET=utf8mb4;

-- --------------------------------------------------------

--
-- Struktur dari tabel `products`
--

CREATE TABLE `products` (
  `id_product` int(11) UNSIGNED NOT NULL,
  `name_product` varchar(255) NOT NULL,
  `beli_product` double DEFAULT NULL,
  `jual_product` double NOT NULL,
  `stok_product` int(5) NOT NULL,
  `satuan_id` int(11) UNSIGNED NOT NULL,
  `ket_product` text DEFAULT NULL
) ENGINE=InnoDB DEFAULT CHARSET=utf8;

--
-- Dumping data untuk tabel `products`
--

INSERT INTO `products` (`id_product`, `name_product`, `beli_product`, `jual_product`, `stok_product`, `satuan_id`, `ket_product`) VALUES
(1, 'TG VIVO Y17', 4000, 10000, 3, 1, ''),
(2, 'TG VIVO Y15/Y13', 4000, 10000, 3, 1, ''),
(3, 'TG VIVO Y12', 4000, 10000, 1, 1, ''),
(4, 'TG VIVO Y11', 4000, 10000, 2, 1, ''),
(5, 'TG VIVO S1 PRO', 4000, 10000, 3, 1, ''),
(6, 'TG VIVO S1', 4000, 10000, 3, 1, ''),
(7, 'TG VIVO Y85', 4000, 10000, 3, 1, ''),
(8, 'TG VIVO Y19', 4000, 10000, 3, 1, ''),
(9, 'TG VIVO V5', 4000, 10000, 3, 1, ''),
(10, 'TG SAM A01', 4000, 10000, 2, 1, ''),
(11, 'TG SAM GALAXY V', 4000, 10000, 3, 1, ''),
(12, 'TG SAM A30S', 4000, 10000, 3, 1, ''),
(13, 'TG SAM A20S', 4000, 10000, 2, 1, ''),
(14, 'TG SAM A10S', 4000, 10000, 4, 1, ''),
(15, 'TG SAM A10', 4000, 10000, 2, 1, ''),
(16, 'TG REDMI 7', 4000, 10000, 3, 1, ''),
(17, 'TG REDMI 7A', 4000, 10000, 3, 1, ''),
(18, 'TG REDMI NOTE 9 PRO', 4000, 10000, 2, 1, ''),
(19, 'TG REDMI 9', 4000, 10000, 3, 1, ''),
(20, 'TG REDMI 9A', 4000, 10000, 3, 1, ''),
(21, 'TG REDMI 8', 4000, 10000, 3, 1, ''),
(22, 'TG REDMI 8A', 4000, 10000, 3, 1, ''),
(23, 'TG REDMI 8A PRO', 4000, 10000, 3, 1, ''),
(24, 'TG REDMI NOTE 8', 4000, 10000, 3, 1, ''),
(25, 'TG OPPO REALME C2 A1K', 4000, 10000, 4, 1, ''),
(26, 'TG OPPO REALME C3', 4000, 10000, 3, 1, ''),
(27, 'TG OPPO REALME 5I', 4000, 10000, 3, 1, ''),
(28, 'TG OPPO REALME 5', 4000, 10000, 3, 1, ''),
(29, 'TG OPPO REALME C11', 4000, 10000, 3, 1, ''),
(30, 'TG OPPO REALME C12', 4000, 10000, 1, 1, ''),
(31, 'TG OPPO REALME C15', 4000, 10000, 3, 1, ''),
(32, 'TG OPPO REALME 6I', 4000, 10000, 3, 1, ''),
(33, 'TG OPPO REALME 6', 4000, 10000, 2, 1, ''),
(34, 'TG VIVO Y50', 4000, 10000, 3, 1, ''),
(35, 'TG VIVO Y53', 4000, 10000, 3, 1, ''),
(36, 'TG VIVO Y97', 4000, 10000, 3, 1, ''),
(37, 'TG VIVO Y71', 4000, 10000, 3, 1, ''),
(38, 'TG VIVO Y30', 4000, 10000, 3, 1, ''),
(39, 'TG VIVO V15', 4000, 10000, 3, 1, ''),
(40, 'TG VIVO Y91', 4000, 10000, 2, 1, ''),
(41, 'TG VIVO Y91C', 4000, 10000, 2, 1, ''),
(42, 'TG VIVO Y95', 4000, 10000, 3, 1, ''),
(43, 'TG VIVO Y93', 4000, 10000, 3, 1, ''),
(44, 'TG REDMI NOTE 7', 4000, 10000, 2, 1, ''),
(45, 'TG REDMI 6A', 4000, 10000, 1, 1, ''),
(46, 'TG REDMI NOTE 5', 4000, 10000, 3, 1, ''),
(47, 'TG REDMI NOTE 5A', 4000, 10000, 2, 1, ''),
(48, 'TG REDMI NOTE 4X', 4000, 10000, 3, 1, ''),
(49, 'TG REDMI 4X', 4000, 10000, 3, 1, ''),
(50, 'TG REDMI 4A', 4000, 10000, 3, 1, ''),
(51, 'TG REDMI 3', 4000, 10000, 2, 1, ''),
(52, 'TG REDMI NOTE 3', 4000, 10000, 2, 1, ''),
(53, 'TG OPPO A5 2020', 4000, 10000, 2, 1, ''),
(54, 'TG OPPO A72 NEW', 4000, 10000, 3, 1, ''),
(55, 'TG OPPO A71', 4000, 10000, 1, 1, ''),
(56, 'TG OPPO NEO 7', 4000, 10000, 3, 1, ''),
(57, 'TG OPPO NEO 9', 4000, 10000, 3, 1, ''),
(58, 'TG OPPO F1', 4000, 10000, 3, 1, ''),
(59, 'TG OPPO F1+', 4000, 10000, 3, 1, ''),
(60, 'TG OPPO F1S', 4000, 10000, 3, 1, ''),
(61, 'TG OPPO F11', 4000, 10000, 3, 1, ''),
(62, 'TG OPPO A9 2020', 4000, 10000, 0, 1, ''),
(63, 'TG OPPO A3S', 4000, 10000, 3, 1, ''),
(64, 'TG OPPO A5S', 4000, 10000, 3, 1, ''),
(65, 'TG OPPO A31 2020', 4000, 10000, 3, 1, ''),
(66, 'TG OPPO A53', 4000, 10000, 3, 1, ''),
(67, 'TG OPPO A7 NEW', 4000, 10000, 3, 1, ''),
(68, 'TG SAM A11 2020', 4000, 10000, 5, 1, ''),
(69, 'TG SAM A31 NEW', 4000, 10000, 3, 1, ''),
(70, 'TG SAM J5 PRIME', 4000, 10000, 3, 1, ''),
(71, 'TG SAM J5', 4000, 10000, 3, 1, ''),
(72, 'TG SAM J1 MINI', 4000, 10000, 3, 1, ''),
(73, 'TG SAM J1 ACE', 4000, 10000, 3, 1, ''),
(74, 'TG SAM J1', 4000, 10000, 0, 1, ''),
(75, 'TG SAM J2 PRIME', 4000, 10000, 2, 1, ''),
(76, 'TG SAM J3', 4000, 10000, 3, 1, ''),
(77, 'TG SAM J3-16', 4000, 10000, 3, 1, ''),
(78, 'TG UNI 5,7', 4000, 10000, 3, 1, ''),
(79, 'TG UNI 5,5', 4000, 10000, 3, 1, ''),
(80, 'TG UNI 5,3', 4000, 10000, 3, 1, ''),
(81, 'TG UNI 5,0', 4000, 10000, 4, 1, ''),
(82, 'TG UNI 4,7', 4000, 10000, 3, 1, ''),
(83, 'TG UNI 4,5', 4000, 10000, 2, 1, ''),
(84, 'TG UNI 4,3', 4000, 10000, 2, 1, ''),
(85, 'TG UNI 4,0', 4000, 10000, 0, 1, ''),
(86, 'TRIPOD 1M', 45000, 67500, 3, 1, ''),
(87, 'KABEL ROBOT RBM100', 5366, 15000, 23, 1, ''),
(88, 'KABEL VIVAN CSM100 NEW', 9125, 25000, 28, 1, ''),
(89, 'BATOK ROBOT K6', 17500, 30000, 18, 1, ''),
(90, 'KABEL FOOMEE NK10S TIPE C', 10750, 25000, 40, 1, ''),
(91, 'SPEAKER BLUETOOTH TG-162', 50000, 75000, 1, 1, ''),
(92, 'SPEAKER BT NR101', 80000, 100000, 1, 1, ''),
(93, 'SPEAKER KARAOKE S339', 70000, 105000, 0, 1, ''),
(94, 'SAVER MOBIL ROBOT RT-C06', 35000, 50500, 2, 1, ''),
(95, 'HF BLUETOOTH INFODS 112', 50000, 75000, 0, 1, ''),
(96, 'HF SAMSUNG AKG S8', 10000, 15000, 2, 1, ''),
(97, 'HOLDER MOTOR PINZY', 25000, 38000, 0, 1, ''),
(98, 'TC REALME TYPE C X20 PRO', 47500, 71000, 2, 1, ''),
(99, 'TC XIOMI ORIGINAL 100%', 37500, 57000, 1, 1, ''),
(100, 'TC OPPO ORIGINAL FAST CHARGING', 37500, 60000, 2, 1, ''),
(101, 'TC REALME QC 3,0', 27500, 42000, 2, 1, ''),
(102, 'TC SAMSUNG S10 FAST CHARGING', 20000, 30000, 0, 1, ''),
(103, 'HF BLUETOOTH KALUNG PINZY B7', 32500, 49000, 2, 1, ''),
(104, 'HF V-GEN VEP 1-11', 19000, 27000, 3, 1, ''),
(105, 'HF V-GEN VEP 1-10', 18500, 25000, 2, 1, ''),
(106, 'MMC V-GEN 16GB', 39500, 60000, 3, 1, ''),
(108, 'MMC V-GEN 32GB (CLAS 10)', 64000, 85000, 3, 1, ''),
(109, 'MMC V-GEN 8GB', 33000, 50000, 2, 1, ''),
(110, 'FD PINZY+OTG 32GB', 65000, 97500, 2, 1, ''),
(111, 'FD PINZY+OTG 16GB', 60000, 90000, 3, 1, ''),
(112, 'HF HI-FI ENJOY MUSIK D21', 10000, 15000, 1, 1, ''),
(113, 'HF JBL JB63', 14000, 17000, 1, 1, ''),
(114, 'HF MACARON U19', 15000, 25000, 2, 1, ''),
(115, 'HF REALME BUDS 2', 14000, 21000, 3, 1, ''),
(116, 'HF REALME BUDS', 14000, 21000, 3, 1, ''),
(117, 'HF FOOME QA06', 16000, 24000, 3, 1, ''),
(118, 'HF NEPTUNE NP-03', 10000, 15000, 3, 1, ''),
(119, 'TC BRANDED 2A', 12500, 25000, 8, 1, ''),
(120, 'HF BLUETOOTH BRANDED', 20000, 30000, 2, 1, ''),
(121, 'OTG KABEL', 2500, 5000, 3, 1, ''),
(122, 'KABEL JACK 2 IN 1 RCA BESAR', 6000, 9000, 6, 1, ''),
(123, 'KABEL JACK 1 IN 1', 4000, 6000, 0, 1, ''),
(124, 'OTG ANDROID', 1500, 2500, 19, 1, ''),
(125, 'ADAFTOR SIM CARD NOOSY', 250, 1000, 5, 1, ''),
(126, 'TEMPAT PERDANA 25 CM', 14000, 21000, 0, 1, ''),
(129, 'TG SAM A20', 4000, 10000, 3, 1, ''),
(130, 'TG REDMI 5A', 4000, 10000, 3, 1, ''),
(131, 'TG OPPO RENO 2F', 4000, 10000, 3, 1, ''),
(132, 'TG OPPO RENO 4', 4000, 10000, 3, 1, ''),
(133, 'TG OPPO A92 2020', 4000, 10000, 3, 1, ''),
(134, 'TC VIVO ORIGINAL FAST CHARGING', 37500, 60000, 2, 1, ''),
(138, 'Sp as reguler', 8500, 11000, 1, 1, ''),
(139, 'SP TELKOMSEL 5GB', 18000, 21000, 10, 1, ''),
(140, 'V TELKOMSEL 2,5GB', 9750, 13000, 8, 1, ''),
(141, 'V TELKOMSEL 3,5GB', 20000, 25000, 8, 1, ''),
(142, 'Sp IM3 2GB', 7500, 9000, 6, 1, ''),
(143, 'Sp IM3 3GB', 12000, 15000, 4, 1, ''),
(144, 'Sp IM3 6GB', 21000, 26000, 6, 1, ''),
(145, 'Sp IM3 10GB', 28000, 35000, 5, 1, ''),
(146, 'V IM3 6GB', 24500, 29000, 8, 1, ''),
(147, 'V IM3 7GB unli', 77000, 85000, 0, 1, ''),
(148, 'SP XL 6GB', 27250, 30000, 9, 1, ''),
(149, 'V XL 1GB', 9500, 11500, 0, 1, ''),
(150, 'V XL 6GB', 26250, 30000, 4, 1, ''),
(151, 'V XL 11GB', 37400, 40000, 11, 1, ''),
(152, 'Sp Axis 3GB', 10500, 15000, 0, 1, ''),
(153, 'SP AXIS 5,5GB', 19000, 23000, 5, 1, ''),
(154, 'SP AXIS 8GB', 25000, 28000, 0, 1, ''),
(155, 'V AXIS 2GB 30D', 22500, 24000, 0, 1, ''),
(156, 'V AXIS 4GB 30D', 16500, 18000, 0, 1, ''),
(157, 'V AXIS 5GB 15D', 30500, 33000, 0, 1, ''),
(158, 'Sp tri 1GB', 4000, 8000, 0, 1, ''),
(159, 'V tri 2GB/30D', 14000, 16000, 0, 1, ''),
(160, 'V TRI 3GB', 18000, 21000, 0, 1, ''),
(161, 'Sp smart 2GB', 9000, 11000, 7, 1, ''),
(162, 'SP SMART 3,5GB', 17000, 18000, 7, 1, ''),
(163, 'SP SMART 5GB', 12500, 20000, 6, 1, ''),
(164, 'SP SMART 6GB UNL NONSTOP', 28000, 35000, 7, 1, ''),
(165, 'SP SMART 10GB', 27000, 32000, 6, 1, ''),
(166, 'SP SMART UNLI LITE', 53000, 60000, 3, 1, ''),
(167, 'V SMART 2,5GB', 5000, 10000, 0, 1, ''),
(168, 'V SMART 6GB UNL NONSTOP', 28000, 30000, 6, 1, ''),
(169, 'V smart 30GB', 56000, 72000, 0, 1, ''),
(170, 'V smart unli lite', 53500, 70000, 0, 1, ''),
(171, 'V TELKOMSEL 1,5GB', 9500, 11000, 0, 1, ''),
(172, 'V XL 21GB', 60250, 65000, 8, 1, ''),
(173, 'V AXIS 1GB 5D', 7750, 10000, 17, 1, ''),
(174, 'V IM3 3GB', 15000, 20000, 8, 1, ''),
(175, 'V IM3 10GB', 34500, 40000, 8, 1, ''),
(176, 'V IM3 1,5GB 5D', 9500, 11000, 2, 1, ''),
(177, 'V TELKOMSEL 8 GB', 55000, 60000, 6, 1, ''),
(178, 'MASKER VENUS', 700, 1500, 250, 1, ''),
(179, 'MASKER HIJAB', 850, 2500, 0, 1, ''),
(180, 'V TRI 6GB', 34000, 38000, 3, 1, ''),
(181, 'HF ORI SAMSUNG', 8000, 15000, 12, 1, ''),
(182, 'V IM3 3 GB UNL', 57000, 62000, 3, 1, ''),
(183, 'TG IPHONE 6', 4000, 10000, 2, 1, ''),
(184, 'ANTI CRACK REDMI 5A', 4000, 10000, 0, 1, ''),
(185, 'ANTI CRACK REDMI 8A', 4000, 10000, 0, 1, ''),
(186, 'BLACKMATE REDMI 5A', 4000, 10000, 0, 1, ''),
(187, 'BLACKMATE REALME 3', 4000, 10000, 0, 1, ''),
(188, 'ANTI CRACK OPPO A3S', 4000, 10000, 0, 1, ''),
(189, 'BLACKMATE REALME C12', 5000, 10000, 0, 1, ''),
(190, 'BLACKMATE REDMI 5', 4000, 10000, 0, 1, ''),
(191, 'BATOK FOOME CC17', 20000, 25000, 37, 1, ''),
(192, 'TG IPHONE 6S', 4000, 10000, 0, 1, ''),
(193, 'TG OPPO F5', 4000, 10000, 2, 1, ''),
(194, 'BLACKMATE SAM A10S', 4000, 10000, 1, 1, ''),
(195, 'V SMART UNLI 7 HARI', 19500, 23000, 5, 1, ''),
(196, 'OTG TYPE C WELLCOMM', 12000, 18000, 3, 1, ''),
(197, 'HF MACARON U35', 17000, 30000, 6, 1, ''),
(198, 'V AXIS 3GB 15D', 19000, 23000, 8, 1, ''),
(199, 'TC BRAND FT', 13000, 25000, 3, 1, ''),
(200, 'TC FOOMEE CC29 TYPE C', 43000, 55000, 3, 1, ''),
(201, 'TC FOOMEE CC18 V8', 38000, 45000, 2, 1, ''),
(202, 'TC XIAOMI ORI QUALCOM 3.0', 25000, 45000, 3, 1, ''),
(203, 'TC XIAOMI ORI QUALCOM 3.0 TYPE C', 26000, 50000, 3, 1, ''),
(204, 'JACK BLUETOOTH MUSIC', 15000, 20000, 2, 1, ''),
(205, 'FD BLUETOOTH MUSIC', 11000, 15000, 2, 1, ''),
(206, 'HOLDER TRIPOD', 5000, 8000, 3, 1, ''),
(207, 'TYPE C AUDIO JACK', 4000, 7000, 7, 1, ''),
(208, 'TG OPPO A37', 4000, 10000, 2, 1, ''),
(209, 'TG OPPO A92', 4000, 10000, 3, 1, ''),
(210, 'TG VIVO Y20', 4000, 10000, 3, 1, ''),
(211, 'BLACKMATE SAM M20', 4000, 10000, 1, 1, ''),
(212, 'BLACKMATE REALME C15', 4000, 10000, 1, 1, ''),
(213, 'BLACKMATE OPPO A5/A9 2020', 4000, 10000, 1, 1, ''),
(214, 'TG PREMIUM REALME 5 PRO', 7000, 15000, 2, 1, ''),
(215, 'TG OPPO A71 FULL CRAMIC', 5000, 20000, 3, 1, '');

-- --------------------------------------------------------

--
-- Struktur dari tabel `retur`
--

CREATE TABLE `retur` (
  `id_retur` int(11) NOT NULL,
  `tgl_retur` date NOT NULL,
  `jenis_retur` varchar(30) NOT NULL,
  `alasan_retur` text NOT NULL,
  `total_retur` int(11) NOT NULL
) ENGINE=InnoDB DEFAULT CHARSET=utf8mb4;

-- --------------------------------------------------------

--
-- Struktur dari tabel `retur_details`
--

CREATE TABLE `retur_details` (
  `id_rdet` int(11) NOT NULL,
  `retur_id` int(11) NOT NULL,
  `product_id` int(11) NOT NULL,
  `product_name` varchar(255) NOT NULL,
  `product_price` int(11) NOT NULL,
  `product_qty` int(11) NOT NULL
) ENGINE=InnoDB DEFAULT CHARSET=utf8mb4;

-- --------------------------------------------------------

--
-- Struktur dari tabel `satuans`
--

CREATE TABLE `satuans` (
  `id_satuan` int(11) UNSIGNED NOT NULL,
  `name_satuan` varchar(150) NOT NULL
) ENGINE=InnoDB DEFAULT CHARSET=utf8;

--
-- Dumping data untuk tabel `satuans`
--

INSERT INTO `satuans` (`id_satuan`, `name_satuan`) VALUES
(1, 'PCS'),
(2, 'K');

-- --------------------------------------------------------

--
-- Struktur dari tabel `sell`
--

CREATE TABLE `sell` (
  `id_sell` int(11) UNSIGNED NOT NULL,
  `tgl_sell` date NOT NULL,
  `name_customer` varchar(150) NOT NULL,
  `item_sell` int(3) UNSIGNED NOT NULL,
  `total_sell` double NOT NULL,
  `disk_sell` int(3) NOT NULL,
  `bayar_sell` double NOT NULL
) ENGINE=InnoDB DEFAULT CHARSET=utf8;

--
-- Dumping data untuk tabel `sell`
--

INSERT INTO `sell` (`id_sell`, `tgl_sell`, `name_customer`, `item_sell`, `total_sell`, `disk_sell`, `bayar_sell`) VALUES
(12, '2020-10-28', 'UMUM', 1, 25000, 0, 25000),
(13, '2020-10-28', 'UMUM', 1, 18000, 0, 18000),
(14, '2020-10-28', 'UMUM', 1, 40000, 0, 40000),
(15, '2020-10-28', 'UMUM', 1, 18000, 0, 18000),
(16, '2020-10-28', 'UMUM', 1, 18000, 0, 18000),
(17, '2020-10-29', 'UMUM', 4, 105000, 0, 105000),
(18, '2020-10-29', 'UMUM', 1, 23000, 0, 23000),
(19, '2020-10-29', 'UMUM', 1, 16000, 0, 16000),
(20, '2020-10-29', 'UMUM', 1, 28000, 0, 28000),
(25, '2020-10-29', 'UMUM', 1, 32000, 0, 32000),
(26, '2020-10-29', 'UMUM', 1, 23000, 0, 23000),
(27, '2020-10-29', 'UMUM', 2, 58000, 0, 58000),
(28, '2020-10-29', 'UMUM', 1, 25000, 0, 25000),
(32, '2020-10-30', 'UMUM', 1, 28000, 0, 28000),
(33, '2020-10-30', 'UMUM', 1, 10000, 0, 10000),
(34, '2020-10-30', 'UMUM', 1, 40000, 0, 40000),
(35, '2020-10-30', 'UMUM', 1, 18000, 0, 18000),
(36, '2020-10-30', 'UMUM', 1, 85000, 0, 85000),
(38, '2020-10-30', 'UMUM', 1, 15000, 0, 15000),
(41, '2020-10-30', 'UMUM', 1, 28000, 0, 28000),
(42, '2020-10-30', 'UMUM', 1, 42000, 0, 42000),
(43, '2020-10-30', 'UMUM', 1, 29000, 0, 29000),
(45, '2020-10-31', 'UMUM', 2, 31000, 0, 31000),
(46, '2020-10-31', 'UMUM', 2, 50000, 0, 50000),
(47, '2020-10-31', 'UMUM', 1, 11000, 0, 11000),
(48, '2020-10-31', 'UMUM', 1, 65000, 0, 65000),
(49, '2020-10-31', 'UMUM', 0, 0, 0, 0),
(50, '2020-10-31', 'UMUM', 1, 25000, 0, 25000),
(51, '2020-10-31', 'UMUM', 3, 46000, 0, 46000),
(53, '2020-10-31', 'UMUM', 3, 86000, 0, 86000),
(54, '2020-10-31', 'UMUM', 1, 40000, 0, 40000),
(55, '2020-11-01', 'UMUM', 2, 63000, 0, 63000),
(56, '2020-11-01', 'UMUM', 1, 20000, 0, 20000),
(57, '2020-11-01', 'UMUM', 1, 11000, 0, 11000),
(58, '2020-11-01', 'UMUM', 1, 50000, 0, 50000),
(59, '2020-11-01', 'UMUM', 1, 22000, 0, 22000),
(60, '2020-11-01', 'UMUM', 1, 10000, 0, 10000),
(61, '2020-11-01', 'UMUM', 1, 28000, 0, 28000),
(63, '2020-11-01', 'UMUM', 0, 0, 0, 0),
(64, '2020-11-02', 'UMUM', 1, 28000, 0, 28000),
(65, '2020-11-02', 'UMUM', 1, 105000, 0, 105000),
(66, '2020-11-02', 'UMUM', 0, 0, 0, 0),
(67, '2020-11-02', 'UMUM', 1, 21000, 0, 21000),
(68, '2020-11-02', 'UMUM', 1, 70000, 0, 70000),
(69, '2020-11-02', 'UMUM', 1, 16000, 0, 16000),
(70, '2020-11-02', 'UMUM', 1, 60000, 0, 60000),
(71, '2020-11-02', 'UMUM', 1, 28000, 0, 28000),
(72, '2020-11-02', 'UMUM', 2, 103000, 0, 103000),
(73, '2020-11-02', 'UMUM', 1, 40000, 0, 40000),
(74, '2020-11-02', 'UMUM', 1, 11000, 0, 11000),
(75, '2020-11-02', 'UMUM', 1, 150000, 34, 99000),
(76, '2020-11-03', 'UMUM', 1, 29000, 0, 29000),
(77, '2020-11-03', 'UMUM', 1, 29000, 0, 29000),
(78, '2020-11-03', 'UMUM', 1, 9000, 0, 9000),
(79, '2020-11-03', 'UMUM', 1, 20000, 0, 20000),
(80, '2020-11-03', 'UMUM', 1, 11000, 0, 11000),
(81, '2020-11-03', 'UMUM', 1, 28000, 0, 28000),
(82, '2020-11-03', 'UMUM', 2, 50000, 0, 50000),
(83, '2020-11-03', 'UMUM', 1, 21000, 0, 21000),
(84, '2020-11-03', 'UMUM', 5, 104000, 0, 104000),
(85, '2020-11-03', 'UMUM', 1, 29000, 0, 29000),
(86, '2020-11-03', 'UMUM', 1, 18000, 0, 18000),
(87, '2020-11-04', 'UMUM', 1, 28000, 0, 28000),
(88, '2020-11-04', 'UMUM', 1, 15000, 0, 15000),
(89, '2020-11-04', 'UMUM', 1, 40000, 0, 40000),
(90, '2020-11-04', 'UMUM', 1, 29000, 0, 29000),
(92, '2020-11-04', 'UMUM', 1, 28000, 0, 28000),
(93, '2020-11-04', 'UMUM', 1, 30000, 0, 30000),
(94, '2020-11-04', 'UMUM', 1, 30000, 0, 30000),
(95, '2020-11-04', 'UMUM', 1, 28000, 0, 28000),
(97, '2020-11-04', 'UMUM', 1, 30000, 0, 30000),
(98, '2020-11-04', 'UMUM', 2, 60500, 18, 60000),
(99, '2020-11-05', 'UMUM', 1, 29000, 0, 29000),
(100, '2020-11-05', 'UMUM', 1, 21000, 0, 21000),
(101, '2020-11-05', 'UMUM', 1, 20000, 0, 20000),
(102, '2020-11-05', 'UMUM', 1, 10000, 0, 10000),
(104, '2020-11-05', 'UMUM', 2, 51000, 0, 51000),
(105, '2020-11-05', 'UMUM', 1, 40000, 0, 40000),
(106, '2020-11-06', 'UMUM', 1, 22000, 0, 22000),
(107, '2020-11-06', 'UMUM', 1, 65000, 0, 65000),
(108, '2020-11-06', 'UMUM', 1, 15000, 0, 15000),
(109, '2020-11-06', 'UMUM', 1, 10000, 0, 10000),
(110, '2020-11-06', 'UMUM', 1, 15000, 0, 15000),
(111, '2020-11-06', 'UMUM', 1, 11000, 0, 11000),
(112, '2020-11-06', 'UMUM', 1, 10000, 0, 10000),
(113, '2020-11-06', 'UMUM', 1, 38000, 0, 38000),
(114, '2020-11-06', 'UMUM', 1, 18000, 0, 18000),
(115, '2020-11-06', 'UMUM', 1, 65000, 0, 65000),
(116, '2020-11-06', 'UMUM', 1, 20000, 0, 20000),
(117, '2020-11-06', 'UMUM', 1, 28000, 0, 28000),
(118, '2020-11-06', 'UMUM', 1, 28000, 0, 28000),
(119, '2020-11-06', 'UMUM', 1, 56000, 0, 56000),
(120, '2020-11-07', 'UMUM', 1, 28000, 0, 28000),
(121, '2020-11-07', 'UMUM', 2, 26000, 0, 26000),
(122, '2020-11-07', 'UMUM', 1, 25000, 0, 25000),
(123, '2020-11-07', 'UMUM', 1, 40000, 0, 40000),
(124, '2020-11-07', 'UMUM', 1, 10000, 0, 10000),
(125, '2020-11-07', 'UMUM', 1, 25000, 0, 25000),
(126, '2020-11-07', 'UMUM', 2, 40000, 0, 40000),
(127, '2020-11-07', 'UMUM', 1, 75000, 33, 50250),
(128, '2020-11-08', 'UMUM', 0, 0, 0, 0),
(129, '2020-11-08', 'UMUM', 5, 206000, 0, 206000),
(130, '2020-11-08', 'UMUM', 5, 175000, 0, 175000),
(131, '2020-11-08', 'UMUM', 4, 45000, 0, 45000),
(132, '2020-11-08', 'UMUM', 2, 83000, 0, 83000),
(133, '2020-11-08', 'UMUM', 3, 115000, 0, 115000),
(134, '2020-11-08', 'UMUM', 1, 28000, 0, 28000),
(135, '2020-11-08', 'UMUM', 1, 60000, 0, 60000),
(136, '2020-11-08', 'UMUM', 1, 40000, 0, 40000),
(137, '2020-11-08', 'UMUM', 1, 28000, 0, 28000),
(138, '2020-11-09', 'UMUM', 1, 10000, 0, 10000),
(139, '2020-11-09', 'UMUM', 2, 45000, 0, 45000),
(140, '2020-11-09', 'UMUM', 1, 30000, 0, 30000),
(141, '2020-11-09', 'UMUM', 1, 10000, 0, 10000),
(142, '2020-11-09', 'UMUM', 1, 11000, 0, 11000),
(143, '2020-11-09', 'UMUM', 1, 30000, 0, 30000),
(144, '2020-11-09', 'UMUM', 1, 15000, 0, 15000),
(145, '2020-11-09', 'UMUM', 2, 30000, 0, 30000),
(146, '2020-11-10', 'UMUM', 1, 18000, 0, 18000),
(147, '2020-11-10', 'UMUM', 1, 10000, 0, 10000),
(148, '2020-11-10', 'UMUM', 1, 15000, 0, 15000),
(149, '2020-11-10', 'UMUM', 1, 16000, 0, 16000),
(150, '2020-11-10', 'UMUM', 1, 20000, 0, 20000),
(151, '2020-11-10', 'UMUM', 0, 0, 0, 0),
(152, '2020-11-10', 'UMUM', 1, 15000, 0, 15000),
(153, '2020-11-10', 'UMUM', 1, 56000, 0, 56000),
(154, '2020-11-10', 'UMUM', 1, 28000, 0, 28000),
(155, '2020-11-10', 'UMUM', 1, 60000, 0, 60000),
(156, '2020-11-10', 'UMUM', 1, 30000, 0, 30000),
(157, '2020-11-10', 'UMUM', 1, 75000, 33, 50250),
(158, '2020-11-11', 'UMUM', 1, 25000, 0, 25000),
(159, '2020-11-11', 'UMUM', 2, 20000, 0, 20000),
(160, '2020-11-11', 'UMUM', 1, 11000, 0, 11000),
(161, '2020-11-11', 'UMUM', 1, 28000, 0, 28000),
(162, '2020-11-11', 'UMUM', 1, 15000, 0, 15000),
(163, '2020-11-11', 'UMUM', 1, 28000, 0, 28000),
(164, '2020-11-11', 'UMUM', 2, 30000, 0, 30000),
(165, '2020-11-11', 'UMUM', 1, 25000, 0, 25000),
(166, '2020-11-11', 'UMUM', 1, 15000, 0, 15000),
(167, '2020-11-11', 'UMUM', 1, 15000, 0, 15000),
(168, '2020-11-11', 'UMUM', 1, 57000, 0, 57000),
(169, '2020-11-11', 'UMUM', 1, 72000, 0, 72000),
(171, '2020-11-11', 'UMUM', 2, 22000, 0, 22000),
(172, '2020-11-12', 'UMUM', 3, 126000, 0, 126000),
(174, '2020-11-12', 'UMUM', 1, 15000, 0, 15000),
(175, '2020-11-12', 'UMUM', 3, 53000, 0, 53000),
(176, '2020-11-12', 'UMUM', 1, 15000, 0, 15000),
(177, '2020-11-13', 'UMUM', 1, 20000, 0, 20000),
(178, '2020-11-13', 'UMUM', 2, 53000, 0, 53000),
(179, '2020-11-13', 'UMUM', 1, 20000, 0, 20000),
(180, '2020-11-13', 'UMUM', 1, 85000, 0, 85000),
(181, '2020-11-13', 'UMUM', 1, 40000, 0, 40000),
(182, '2020-11-13', 'UMUM', 0, 0, 0, 0),
(183, '2020-11-13', 'UMUM', 1, 11000, 0, 11000),
(185, '2020-11-13', 'UMUM', 1, 11000, 0, 11000),
(186, '2020-11-14', 'UMUM', 1, 30000, 0, 30000),
(187, '2020-11-14', 'UMUM', 1, 20000, 0, 20000),
(188, '2020-11-14', 'UMUM', 1, 18000, 0, 18000),
(189, '2020-11-14', 'UMUM', 1, 16000, 0, 16000),
(190, '2020-11-15', 'UMUM', 1, 10000, 0, 10000),
(191, '2020-11-15', 'UMUM', 1, 18000, 0, 18000),
(192, '2020-11-15', 'UMUM', 1, 23000, 0, 23000),
(193, '2020-11-15', 'UMUM', 1, 11000, 0, 11000),
(194, '2020-11-15', 'UMUM', 1, 15000, 0, 15000),
(195, '2020-11-15', 'UMUM', 1, 9000, 0, 9000),
(196, '2020-11-15', 'UMUM', 1, 28000, 0, 28000),
(197, '2020-11-15', 'UMUM', 1, 21000, 0, 21000),
(198, '2020-11-15', 'UMUM', 5, 92000, 0, 92000),
(199, '2020-11-15', 'UMUM', 2, 39000, 0, 39000),
(200, '2020-11-15', 'UMUM', 3, 35000, 0, 35000),
(201, '2020-11-15', 'UMUM', 1, 60000, 0, 60000),
(202, '2020-11-15', 'UMUM', 2, 48000, 0, 48000),
(203, '2020-11-16', 'UMUM', 1, 10000, 0, 10000),
(204, '2020-11-16', 'UMUM', 1, 11000, 0, 11000),
(205, '2020-11-16', 'UMUM', 1, 29000, 0, 29000),
(206, '2020-11-17', 'UMUM', 1, 11000, 0, 11000),
(207, '2020-11-16', 'UMUM', 1, 18000, 0, 18000),
(208, '2020-11-16', 'UMUM', 1, 48000, 0, 48000),
(209, '2020-11-17', 'UMUM', 0, 0, 0, 0),
(210, '2020-11-17', 'UMUM', 1, 20000, 0, 20000),
(211, '2020-11-17', 'UMUM', 1, 65000, 0, 65000),
(212, '2020-11-17', 'UMUM', 1, 20000, 0, 20000),
(213, '2020-11-17', 'UMUM', 1, 15000, 0, 15000),
(214, '2020-11-17', 'UMUM', 1, 10000, 0, 10000),
(215, '2020-11-17', 'UMUM', 1, 10000, 0, 10000),
(216, '2020-11-17', 'UMUM', 1, 10000, 0, 10000),
(217, '2020-11-17', 'UMUM', 2, 55000, 0, 55000),
(218, '2020-11-17', 'UMUM', 1, 24000, 0, 24000),
(219, '2020-11-18', 'UMUM', 1, 21000, 0, 21000),
(220, '2020-11-18', 'UMUM', 1, 28000, 0, 28000),
(221, '2020-11-18', 'UMUM', 1, 11000, 0, 11000),
(222, '2020-11-18', 'UMUM', 1, 28000, 0, 28000),
(225, '2020-11-18', 'UMUM', 2, 26000, 0, 26000),
(226, '2020-11-18', 'UMUM', 1, 20000, 0, 20000),
(227, '2020-11-18', 'UMUM', 1, 20000, 0, 20000),
(228, '2020-11-19', 'UMUM', 1, 11000, 0, 11000),
(229, '2020-11-19', 'UMUM', 0, 0, 0, 0),
(230, '2020-11-19', 'UMUM', 1, 15000, 0, 15000),
(231, '2020-11-19', 'UMUM', 1, 40000, 0, 40000),
(232, '2020-11-19', 'UMUM', 1, 15000, 0, 15000),
(233, '2020-11-19', 'UMUM', 1, 20000, 0, 20000),
(234, '2020-11-19', 'UMUM', 1, 11000, 0, 11000),
(235, '2020-11-20', 'UMUM', 1, 15000, 0, 15000),
(237, '2020-11-20', 'UMUM', 0, 0, 0, 0),
(238, '2020-11-20', 'UMUM', 2, 36000, 0, 36000),
(240, '2020-11-20', 'UMUM', 1, 50000, 0, 50000),
(241, '2020-11-20', 'UMUM', 0, 0, 0, 0),
(242, '2020-11-20', 'UMUM', 1, 20000, 0, 20000),
(243, '2020-11-20', 'UMUM', 2, 30000, 0, 30000),
(244, '2020-11-21', 'UMUM', 1, 28000, 0, 28000),
(245, '2020-11-21', 'UMUM', 1, 65000, 0, 65000),
(246, '2020-11-21', 'UMUM', 0, 0, 0, 0),
(247, '2020-11-21', 'UMUM', 1, 10000, 0, 10000),
(248, '2020-11-21', 'UMUM', 1, 21000, 0, 21000),
(249, '2020-11-21', 'UMUM', 2, 85000, 0, 85000),
(250, '2020-11-21', 'UMUM', 1, 11000, 0, 11000),
(251, '2020-11-21', 'UMUM', 1, 10000, 0, 10000),
(252, '2020-11-21', 'UMUM', 1, 15000, 0, 15000),
(253, '2020-11-21', 'UMUM', 1, 11500, 0, 11500),
(254, '2020-11-21', 'UMUM', 1, 28000, 0, 28000),
(255, '2020-11-21', 'UMUM', 1, 28000, 0, 28000),
(256, '2020-11-21', 'UMUM', 1, 28000, 0, 28000),
(257, '2020-11-21', 'UMUM', 1, 28000, 0, 28000),
(258, '2020-11-21', 'UMUM', 1, 38000, 0, 38000),
(259, '2020-11-21', 'UMUM', 1, 30000, 0, 30000),
(260, '2020-11-22', 'UMUM', 1, 40000, 0, 40000),
(261, '2020-11-22', 'UMUM', 1, 56000, 0, 56000),
(262, '2020-11-22', 'UMUM', 1, 20000, 0, 20000),
(263, '2020-11-22', 'UMUM', 1, 28000, 0, 28000),
(264, '2020-11-22', 'UMUM', 2, 39500, 0, 39500),
(265, '2020-11-22', 'UMUM', 1, 150000, 33, 100500),
(266, '2020-11-22', 'UMUM', 1, 10000, 0, 10000),
(267, '2020-11-22', 'UMUM', 1, 56000, 0, 56000),
(268, '2020-11-22', 'UMUM', 0, 0, 0, 0),
(269, '2020-11-22', 'UMUM', 1, 25000, 0, 25000),
(270, '2020-11-22', 'UMUM', 1, 46000, 0, 46000),
(271, '2020-11-23', 'UMUM', 1, 28000, 0, 28000),
(272, '2020-11-23', 'UMUM', 2, 105000, 0, 105000),
(273, '2020-11-23', 'UMUM', 2, 68000, 0, 68000),
(274, '2020-11-23', 'UMUM', 1, 20000, 0, 20000),
(276, '2020-11-24', 'UMUM', 1, 10000, 0, 10000),
(277, '2020-11-24', 'UMUM', 1, 28000, 0, 28000),
(278, '2020-11-24', 'UMUM', 2, 45000, 0, 45000),
(279, '2020-11-24', 'UMUM', 1, 15000, 0, 15000),
(280, '2020-11-24', 'UMUM', 1, 20000, 0, 20000),
(281, '2020-11-24', 'UMUM', 4, 99500, 0, 99500),
(282, '2020-11-24', 'UMUM', 1, 15000, 0, 15000),
(283, '2020-11-25', 'UMUM', 1, 30000, 0, 30000),
(284, '2020-11-25', 'UMUM', 1, 11000, 0, 11000),
(285, '2020-11-25', 'UMUM', 1, 40000, 0, 40000),
(286, '2020-11-25', 'UMUM', 3, 50000, 0, 50000),
(287, '2020-11-26', 'UMUM', 1, 30000, 0, 30000),
(288, '2020-11-26', 'UMUM', 1, 23000, 0, 23000),
(289, '2020-11-26', 'UMUM', 1, 10000, 0, 10000),
(290, '2020-11-26', 'UMUM', 1, 40000, 0, 40000),
(291, '2020-11-26', 'UMUM', 0, 0, 0, 0),
(292, '2020-11-26', 'UMUM', 1, 28500, 0, 28500),
(293, '2020-11-26', 'UMUM', 2, 40000, 0, 40000),
(294, '2020-11-26', 'UMUM', 1, 40000, 0, 40000),
(295, '2020-11-26', 'UMUM', 0, 0, 0, 0),
(296, '2020-11-27', 'UMUM', 1, 24000, 0, 24000),
(297, '2020-11-27', 'UMUM', 1, 11000, 0, 11000),
(298, '2020-11-27', 'UMUM', 1, 15000, 0, 15000),
(299, '2020-11-27', 'UMUM', 2, 25000, 0, 25000),
(300, '2020-11-27', 'UMUM', 1, 15000, 0, 15000),
(301, '2020-11-27', 'UMUM', 1, 30000, 0, 30000),
(302, '2020-11-27', 'UMUM', 1, 15000, 0, 15000),
(303, '2020-11-27', 'UMUM', 2, 50000, 0, 50000),
(304, '2020-11-27', 'UMUM', 1, 15000, 0, 15000),
(305, '2020-11-27', 'UMUM', 0, 0, 0, 0),
(306, '2020-11-27', 'UMUM', 2, 20000, 0, 20000),
(307, '2020-11-28', 'UMUM', 1, 20000, 0, 20000),
(308, '2020-11-28', 'UMUM', 1, 40000, 0, 40000),
(309, '2020-11-28', 'UMUM', 1, 38000, 0, 38000),
(310, '2020-11-28', 'UMUM', 1, 11000, 0, 11000),
(311, '2020-11-28', 'UMUM', 1, 23000, 0, 23000),
(312, '2020-11-28', 'UMUM', 1, 60000, 0, 60000),
(313, '2020-11-28', 'UMUM', 1, 30000, 0, 30000),
(314, '2020-11-28', 'UMUM', 1, 30000, 0, 30000),
(315, '2020-11-28', 'UMUM', 1, 60000, 0, 60000),
(316, '2020-11-28', 'UMUM', 2, 110000, 0, 110000),
(317, '2020-11-29', 'UMUM', 2, 36000, 0, 36000),
(318, '2020-11-29', 'UMUM', 1, 40000, 0, 40000),
(320, '2020-11-29', 'UMUM', 1, 20000, 0, 20000),
(321, '2020-11-29', 'UMUM', 2, 50000, 0, 50000),
(322, '2020-11-29', 'UMUM', 1, 20000, 0, 20000),
(323, '2020-11-29', 'UMUM', 1, 62000, 0, 62000),
(324, '2020-11-29', 'UMUM', 2, 70000, 0, 70000),
(326, '2020-11-29', 'UMUM', 1, 25000, 0, 25000),
(327, '2020-11-30', 'UMUM', 5, 114000, 0, 114000),
(328, '2020-11-30', 'UMUM', 1, 10000, 0, 10000),
(329, '2020-11-30', 'UMUM', 1, 20000, 0, 20000),
(330, '2020-11-30', 'UMUM', 1, 10000, 0, 10000),
(331, '2020-11-30', 'UMUM', 1, 10000, 0, 10000),
(332, '2020-11-30', 'UMUM', 2, 31000, 0, 31000),
(333, '2020-11-30', 'UMUM', 2, 55000, 0, 55000),
(334, '2020-11-30', 'UMUM', 1, 10000, 0, 10000),
(335, '2020-12-01', 'UMUM', 1, 11000, 0, 11000),
(336, '2020-12-01', 'UMUM', 1, 30000, 0, 30000),
(337, '2020-12-01', 'UMUM', 1, 65000, 0, 65000),
(338, '2020-12-01', 'UMUM', 1, 30000, 0, 30000),
(339, '2020-12-01', 'UMUM', 1, 20000, 0, 20000),
(341, '2020-12-01', 'UMUM', 1, 15000, 0, 15000),
(342, '2020-12-01', 'UMUM', 1, 30000, 0, 30000),
(343, '2020-12-01', 'UMUM', 1, 30000, 0, 30000),
(344, '2020-12-01', 'UMUM', 1, 22000, 0, 22000),
(345, '2020-12-01', 'UMUM', 1, 23000, 0, 23000),
(346, '2020-12-02', 'UMUM', 1, 40000, 0, 40000),
(347, '2020-12-02', 'UMUM', 1, 20000, 0, 20000),
(348, '2020-12-02', 'UMUM', 1, 30000, 0, 30000),
(349, '2020-12-02', 'UMUM', 1, 20000, 0, 20000),
(350, '2020-12-02', 'UMUM', 1, 20000, 0, 20000),
(351, '2020-12-02', 'UMUM', 1, 15000, 0, 15000),
(352, '2020-12-02', 'UMUM', 1, 10000, 0, 10000),
(353, '2020-12-03', 'UMUM', 1, 11000, 0, 11000),
(354, '2020-12-03', 'UMUM', 1, 30000, 0, 30000),
(355, '2020-12-03', 'UMUM', 1, 30000, 0, 30000),
(356, '2020-12-03', 'UMUM', 1, 38000, 0, 38000),
(357, '2020-12-03', 'UMUM', 2, 37000, 0, 37000),
(358, '2020-12-03', 'UMUM', 1, 25000, 0, 25000),
(359, '2020-12-03', 'UMUM', 1, 25000, 0, 25000),
(360, '2020-12-04', 'UMUM', 1, 21000, 0, 21000),
(361, '2020-12-04', 'UMUM', 1, 15000, 0, 15000),
(362, '2020-12-04', 'UMUM', 1, 11000, 0, 11000),
(363, '2020-12-04', 'UMUM', 1, 16000, 0, 16000),
(364, '2020-12-04', 'UMUM', 1, 10000, 0, 10000),
(365, '2020-12-04', 'UMUM', 1, 11000, 0, 11000),
(366, '2020-12-04', 'UMUM', 1, 62000, 0, 62000),
(367, '2020-12-04', 'UMUM', 1, 65000, 0, 65000),
(368, '2020-12-04', 'UMUM', 1, 11000, 0, 11000),
(369, '2020-12-05', 'UMUM', 1, 10000, 0, 10000),
(370, '2020-12-05', 'UMUM', 1, 22000, 0, 22000),
(371, '2020-12-05', 'UMUM', 1, 40000, 0, 40000),
(372, '2020-12-05', 'UMUM', 1, 40000, 0, 40000),
(374, '2020-12-05', 'UMUM', 1, 20000, 0, 20000),
(375, '2020-12-05', 'UMUM', 2, 30000, 0, 30000),
(376, '2020-12-05', 'UMUM', 1, 23000, 0, 23000),
(377, '2020-12-05', 'UMUM', 1, 40000, 0, 40000),
(378, '2020-12-05', 'UMUM', 1, 40000, 0, 40000),
(379, '2020-12-05', 'UMUM', 1, 40000, 0, 40000),
(381, '2020-12-05', 'UMUM', 1, 140000, 0, 140000),
(383, '2020-12-05', 'UMUM', 1, 20000, 0, 20000),
(384, '2020-12-06', 'UMUM', 3, 61000, 0, 61000),
(385, '2020-12-06', 'UMUM', 1, 17000, 0, 17000),
(386, '2020-12-06', 'UMUM', 1, 11000, 0, 11000),
(387, '2020-12-07', 'UMUM', 0, 0, 0, 0),
(388, '2020-12-07', 'UMUM', 0, 0, 0, 0),
(389, '2020-12-07', 'UMUM', 1, 65000, 0, 65000),
(390, '2020-12-07', 'UMUM', 1, 15000, 0, 15000),
(391, '2020-12-07', 'UMUM', 1, 40000, 0, 40000),
(392, '2020-12-07', 'UMUM', 1, 20000, 0, 20000),
(393, '2020-12-07', 'UMUM', 1, 25000, 0, 25000),
(394, '2020-12-07', 'UMUM', 1, 62000, 0, 62000),
(395, '2020-12-07', 'UMUM', 1, 20000, 0, 20000),
(396, '2020-12-07', 'UMUM', 1, 15000, 0, 15000),
(397, '2020-12-07', 'UMUM', 1, 30000, 0, 30000),
(398, '2020-12-07', 'UMUM', 1, 25000, 0, 25000),
(399, '2020-12-08', 'UMUM', 1, 21000, 0, 21000),
(400, '2020-12-08', 'UMUM', 1, 40000, 0, 40000),
(401, '2020-12-08', 'UMUM', 1, 72000, 0, 72000),
(402, '2020-12-08', 'UMUM', 0, 0, 0, 0),
(403, '2020-12-08', 'UMUM', 2, 31000, 0, 31000),
(404, '2020-12-08', 'UMUM', 1, 30000, 0, 30000),
(405, '2020-12-08', 'UMUM', 1, 11000, 0, 11000),
(406, '2020-12-08', 'UMUM', 1, 30000, 0, 30000),
(407, '2020-12-08', 'UMUM', 1, 15000, 0, 15000),
(408, '2020-12-08', 'UMUM', 1, 23000, 0, 23000),
(409, '2020-12-08', 'UMUM', 1, 21000, 0, 21000),
(410, '2020-12-08', 'UMUM', 2, 70000, 0, 70000),
(411, '2020-12-09', 'UMUM', 1, 30000, 0, 30000),
(412, '2020-12-09', 'UMUM', 2, 31000, 0, 31000),
(413, '2020-12-09', 'UMUM', 1, 40000, 0, 40000),
(414, '2020-12-09', 'UMUM', 1, 11000, 0, 11000),
(415, '2020-12-09', 'UMUM', 1, 10000, 0, 10000),
(416, '2020-12-09', 'UMUM', 1, 30000, 0, 30000),
(417, '2020-12-09', 'UMUM', 1, 10000, 0, 10000),
(418, '2020-12-09', 'UMUM', 1, 15000, 0, 15000),
(419, '2020-12-09', 'UMUM', 1, 20000, 0, 20000),
(420, '2020-12-09', 'UMUM', 1, 60000, 0, 60000),
(421, '2020-12-10', 'UMUM', 1, 60000, 0, 60000),
(423, '2020-12-10', 'UMUM', 1, 20000, 0, 20000),
(424, '2020-12-10', 'UMUM', 1, 10000, 0, 10000),
(425, '2020-12-10', 'UMUM', 0, 0, 0, 0),
(426, '2020-12-10', 'UMUM', 1, 20000, 0, 20000),
(427, '2020-12-10', 'UMUM', 1, 65000, 0, 65000),
(428, '2020-12-10', 'UMUM', 1, 15000, 0, 15000),
(429, '2020-12-10', 'UMUM', 1, 20000, 0, 20000),
(430, '2020-12-10', 'UMUM', 1, 9000, 0, 9000),
(431, '2020-12-11', 'UMUM', 1, 15000, 0, 15000),
(432, '2020-12-11', 'UMUM', 1, 25000, 0, 25000),
(433, '2020-12-11', 'UMUM', 1, 10000, 0, 10000),
(434, '2020-12-11', 'UMUM', 1, 40000, 0, 40000),
(435, '2020-12-11', 'UMUM', 1, 11000, 0, 11000),
(436, '2020-12-11', 'UMUM', 2, 31000, 0, 31000),
(437, '2020-12-11', 'UMUM', 1, 15000, 0, 15000),
(438, '2020-12-11', 'UMUM', 1, 10000, 0, 10000),
(439, '2020-12-11', 'UMUM', 1, 20000, 0, 20000),
(440, '2020-12-11', 'UMUM', 2, 53000, 0, 53000),
(441, '2020-12-11', 'UMUM', 1, 30000, 0, 30000),
(442, '2020-12-11', 'UMUM', 1, 40000, 0, 40000),
(443, '2020-12-11', 'UMUM', 1, 30000, 0, 30000),
(444, '2020-12-12', 'UMUM', 1, 30000, 0, 30000),
(445, '2020-12-12', 'UMUM', 1, 23000, 0, 23000),
(446, '2020-12-12', 'UMUM', 1, 11500, 0, 11500),
(447, '2020-12-12', 'UMUM', 1, 15000, 0, 15000),
(448, '2020-12-12', 'UMUM', 1, 120000, 0, 120000),
(449, '2020-12-12', 'UMUM', 1, 40000, 0, 40000),
(450, '2020-12-12', 'UMUM', 1, 30000, 0, 30000),
(451, '2020-12-12', 'UMUM', 1, 15000, 0, 15000),
(452, '2020-12-12', 'UMUM', 1, 20000, 0, 20000),
(453, '2020-12-12', 'UMUM', 1, 30000, 0, 30000),
(454, '2020-12-12', 'UMUM', 1, 11000, 0, 11000),
(455, '2020-12-13', 'UMUM', 2, 205000, 0, 205000),
(456, '2020-12-14', 'UMUM', 1, 10000, 0, 10000),
(457, '2020-12-14', 'UMUM', 1, 25000, 0, 25000),
(458, '2020-12-14', 'UMUM', 1, 25000, 0, 25000),
(459, '2020-12-14', 'UMUM', 1, 25000, 0, 25000),
(460, '2020-12-14', 'UMUM', 1, 20000, 0, 20000),
(461, '2020-12-15', 'UMUM', 1, 10000, 0, 10000),
(462, '2020-12-15', 'UMUM', 1, 15000, 0, 15000),
(463, '2020-12-15', 'UMUM', 1, 11000, 0, 11000),
(464, '2020-12-15', 'UMUM', 1, 20000, 0, 20000),
(465, '2020-12-15', 'UMUM', 0, 0, 0, 0),
(466, '2020-12-15', 'UMUM', 1, 11000, 0, 11000),
(468, '2020-12-15', 'UMUM', 2, 32000, 0, 32000),
(469, '2020-12-16', 'UMUM', 8, 379000, 0, 379000),
(470, '2020-12-16', 'UMUM', 1, 10000, 0, 10000),
(471, '2020-12-17', 'UMUM', 8, 211000, 0, 211000),
(472, '2020-12-17', 'UMUM', 3, 145000, 0, 145000),
(473, '2020-12-18', 'UMUM', 1, 15000, 0, 15000),
(474, '2020-12-18', 'UMUM', 2, 71000, 0, 71000),
(475, '2020-12-18', 'UMUM', 6, 455000, 0, 455000),
(476, '2020-12-18', 'UMUM', 3, 75000, 0, 75000),
(477, '2020-12-19', 'UMUM', 7, 257000, 0, 257000),
(478, '2020-12-19', 'UMUM', 3, 50000, 0, 50000),
(479, '2020-12-20', 'UMUM', 6, 209000, 0, 209000),
(480, '2020-12-21', 'UMUM', 8, 359000, 0, 359000),
(481, '2020-12-21', 'UMUM', 3, 71000, 0, 71000),
(482, '2020-12-22', 'UMUM', 8, 217000, 0, 217000),
(483, '2020-12-23', 'UMUM', 4, 237000, 0, 237000),
(484, '2020-12-24', 'UMUM', 7, 322000, 0, 322000),
(485, '2020-12-24', 'UMUM', 2, 20000, 0, 20000),
(486, '2020-12-25', 'UMUM', 7, 191000, 0, 191000),
(487, '2020-12-26', 'UMUM', 0, 0, 0, 0),
(488, '2020-12-26', 'UMUM', 8, 192000, 0, 192000),
(489, '2020-12-26', 'UMUM', 3, 75000, 0, 75000),
(490, '2020-12-27', 'UMUM', 0, 0, 0, 0),
(491, '2020-12-27', 'UMUM', 6, 137000, 0, 137000),
(492, '2020-12-27', 'UMUM', 0, 0, 0, 0),
(493, '2020-12-27', 'UMUM', 1, 40000, 0, 40000),
(494, '2020-12-27', 'UMUM', 3, 53000, 0, 53000),
(495, '2020-12-28', 'UMUM', 8, 436000, 0, 436000),
(496, '2020-12-28', 'UMUM', 2, 31000, 0, 31000),
(497, '2020-12-29', 'UMUM', 6, 197000, 0, 197000),
(498, '2020-12-29', 'UMUM', 1, 65000, 0, 65000),
(499, '2020-12-30', 'UMUM', 1, 15000, 0, 15000),
(500, '2020-12-30', 'UMUM', 1, 11000, 0, 11000),
(501, '2020-12-30', 'UMUM', 1, 30000, 0, 30000),
(502, '2020-12-30', 'UMUM', 1, 11000, 0, 11000),
(503, '2020-12-30', 'UMUM', 1, 15000, 0, 15000),
(504, '2020-12-30', 'UMUM', 1, 20000, 0, 20000),
(505, '2020-12-30', 'UMUM', 1, 15000, 0, 15000),
(506, '2020-12-30', 'UMUM', 1, 20000, 0, 20000),
(507, '2020-12-30', 'UMUM', 0, 0, 0, 0),
(508, '2020-12-30', 'UMUM', 2, 35000, 0, 35000),
(509, '2020-12-30', 'UMUM', 1, 30000, 0, 30000),
(510, '2020-12-31', 'UMUM', 2, 44000, 0, 44000),
(511, '2020-12-31', 'UMUM', 2, 31000, 0, 31000),
(512, '2020-12-31', 'UMUM', 1, 10000, 0, 10000),
(513, '2020-12-31', 'UMUM', 1, 30000, 0, 30000),
(514, '2021-01-01', 'UMUM', 1, 25000, 0, 25000),
(515, '2021-01-01', 'UMUM', 3, 56000, 0, 56000),
(516, '2021-01-01', 'UMUM', 1, 10000, 0, 10000),
(517, '2021-01-01', 'UMUM', 1, 23000, 0, 23000),
(518, '2021-01-01', 'UMUM', 1, 10000, 0, 10000),
(520, '2021-01-01', 'UMUM', 1, 15000, 0, 15000),
(521, '2021-01-01', 'UMUM', 0, 0, 0, 0),
(522, '2021-01-01', 'UMUM', 1, 29000, 0, 29000),
(523, '2021-01-01', 'UMUM', 2, 55000, 0, 55000),
(524, '2021-01-01', 'UMUM', 1, 11000, 0, 11000),
(526, '2021-01-01', 'UMUM', 2, 31000, 0, 31000),
(527, '2021-01-01', 'UMUM', 1, 10000, 0, 10000),
(528, '2021-01-02', 'UMUM', 5, 106000, 0, 106000),
(529, '2021-01-02', 'UMUM', 1, 40000, 0, 40000),
(531, '2021-01-02', 'UMUM', 1, 15000, 0, 15000),
(532, '2021-01-02', 'UMUM', 1, 30000, 0, 30000),
(533, '2021-01-02', 'UMUM', 2, 31000, 0, 31000),
(534, '2021-01-02', 'UMUM', 5, 84000, 0, 84000),
(535, '2021-01-03', 'UMUM', 1, 30000, 0, 30000),
(536, '2021-01-03', 'UMUM', 1, 20000, 0, 20000),
(537, '2021-01-03', 'UMUM', 6, 329000, 0, 329000),
(538, '2021-01-03', 'UMUM', 1, 25000, 0, 25000),
(539, '2021-01-03', 'UMUM', 1, 25000, 0, 25000),
(540, '2021-01-03', 'UMUM', 1, 40000, 0, 40000),
(541, '2021-01-04', 'UMUM', 1, 10000, 0, 10000),
(542, '2021-01-04', 'UMUM', 1, 15000, 0, 15000),
(543, '2021-01-04', 'UMUM', 1, 10000, 0, 10000),
(544, '2021-01-04', 'UMUM', 1, 10000, 0, 10000),
(545, '2021-01-04', 'UMUM', 1, 30000, 0, 30000),
(546, '2021-01-04', 'UMUM', 1, 10000, 0, 10000),
(547, '2021-01-04', 'UMUM', 1, 15000, 0, 15000),
(548, '2021-01-04', 'UMUM', 1, 20000, 0, 20000),
(549, '2021-01-04', 'UMUM', 1, 15000, 0, 15000),
(550, '2021-01-04', 'UMUM', 1, 15000, 0, 15000),
(551, '2021-01-04', 'UMUM', 1, 11000, 0, 11000),
(552, '2021-01-04', 'UMUM', 2, 70000, 0, 70000),
(553, '2021-01-04', 'UMUM', 2, 80000, 0, 80000),
(554, '2021-01-04', 'UMUM', 2, 58000, 0, 58000),
(555, '2021-01-05', 'UMUM', 1, 11000, 0, 11000),
(556, '2021-01-05', 'UMUM', 1, 11000, 0, 11000),
(557, '2021-01-05', 'UMUM', 1, 10000, 0, 10000),
(558, '2021-01-05', 'UMUM', 1, 40000, 0, 40000),
(559, '2021-01-05', 'UMUM', 1, 20000, 0, 20000),
(560, '2021-01-05', 'UMUM', 1, 20000, 0, 20000),
(561, '2021-01-05', 'UMUM', 0, 0, 0, 0),
(562, '2021-01-05', 'UMUM', 2, 45000, 0, 45000),
(563, '2021-01-05', 'UMUM', 1, 30000, 0, 30000),
(564, '2021-01-05', 'UMUM', 1, 23000, 0, 23000),
(566, '2021-01-05', 'UMUM', 1, 40000, 0, 40000),
(567, '2021-01-05', 'UMUM', 2, 75000, 0, 75000),
(568, '2021-01-06', 'UMUM', 1, 25000, 0, 25000),
(569, '2021-01-06', 'UMUM', 2, 36000, 0, 36000),
(570, '2021-01-06', 'UMUM', 2, 60000, 0, 60000),
(571, '2021-01-06', 'UMUM', 1, 30000, 0, 30000),
(572, '2021-01-06', 'UMUM', 1, 40000, 0, 40000),
(573, '2021-01-06', 'UMUM', 1, 15000, 0, 15000),
(574, '2021-01-06', 'UMUM', 1, 40000, 0, 40000),
(575, '2021-01-06', 'UMUM', 1, 40000, 0, 40000),
(576, '2021-01-06', 'UMUM', 1, 11000, 0, 11000),
(577, '2021-01-07', 'UMUM', 1, 22000, 0, 22000),
(578, '2021-01-07', 'UMUM', 1, 40000, 0, 40000),
(579, '2021-01-07', 'UMUM', 1, 20000, 0, 20000),
(580, '2021-01-07', 'UMUM', 5, 153000, 0, 153000),
(581, '2021-01-07', 'UMUM', 1, 300000, 0, 300000),
(582, '2021-01-08', 'UMUM', 1, 10000, 0, 10000),
(584, '2021-01-07', 'UMUM', 1, 21000, 0, 21000),
(585, '2021-01-07', 'UMUM', 1, 15000, 0, 15000),
(586, '2021-01-06', 'UMUM', 1, 23000, 0, 23000),
(587, '2021-01-08', 'UMUM', 1, 10000, 0, 10000),
(588, '2021-01-08', 'UMUM', 1, 30000, 0, 30000),
(589, '2021-01-08', 'UMUM', 1, 80000, 0, 80000),
(590, '2021-01-08', 'UMUM', 1, 20000, 0, 20000),
(591, '2021-01-08', 'UMUM', 2, 26000, 0, 26000),
(592, '2021-01-08', 'UMUM', 1, 30000, 0, 30000),
(593, '2021-01-09', 'UMUM', 3, 67000, 0, 67000),
(594, '2021-01-09', 'UMUM', 1, 23000, 0, 23000),
(595, '2021-01-09', 'UMUM', 1, 30000, 0, 30000),
(596, '2021-01-09', 'UMUM', 1, 15000, 0, 15000),
(598, '2021-01-09', 'UMUM', 1, 20000, 0, 20000),
(599, '2021-01-11', 'UMUM', 1, 10000, 0, 10000),
(600, '2021-01-11', 'UMUM', 2, 36000, 0, 36000),
(601, '2021-01-11', 'UMUM', 1, 20000, 0, 20000),
(602, '2021-01-11', 'UMUM', 1, 40000, 0, 40000),
(603, '2021-01-11', 'UMUM', 1, 23000, 0, 23000),
(604, '2021-01-11', 'UMUM', 1, 20000, 0, 20000),
(605, '2021-01-11', 'UMUM', 3, 72000, 0, 72000),
(606, '2021-01-11', 'UMUM', 1, 50000, 0, 50000),
(607, '2021-01-11', 'UMUM', 1, 30000, 0, 30000),
(608, '2021-01-11', 'UMUM', 1, 10000, 0, 10000),
(609, '2021-01-11', 'UMUM', 1, 25000, 0, 25000),
(610, '2021-01-10', 'UMUM', 6, 192000, 0, 192000),
(611, '2021-01-10', 'UMUM', 4, 40000, 0, 40000),
(612, '2021-01-11', 'UMUM', 0, 0, 0, 0),
(613, '2021-01-11', 'UMUM', 6, 122000, 0, 122000),
(614, '2021-01-11', 'UMUM', 1, 25000, 0, 25000),
(615, '2021-01-12', 'UMUM', 1, 40000, 0, 40000),
(616, '2021-01-12', 'UMUM', 1, 10000, 0, 10000),
(617, '2021-01-12', 'UMUM', 1, 24000, 0, 24000),
(618, '2021-01-12', 'UMUM', 1, 10000, 0, 10000),
(619, '2021-01-12', 'UMUM', 1, 20000, 0, 20000),
(620, '2021-01-12', 'UMUM', 1, 11000, 0, 11000),
(621, '2021-01-12', 'UMUM', 0, 0, 0, 0),
(622, '2021-01-12', 'UMUM', 1, 20000, 0, 20000),
(623, '2021-01-12', 'UMUM', 1, 11000, 0, 11000),
(624, '2021-01-12', 'UMUM', 1, 30000, 0, 30000),
(625, '2021-01-12', 'UMUM', 3, 51000, 0, 51000),
(626, '2021-01-12', 'UMUM', 4, 106000, 0, 106000),
(627, '2021-01-13', 'UMUM', 1, 23000, 0, 23000),
(628, '2021-01-13', 'UMUM', 1, 10000, 0, 10000),
(629, '2021-01-13', 'UMUM', 2, 35000, 0, 35000),
(630, '2021-01-13', 'UMUM', 2, 60000, 0, 60000),
(631, '2021-01-13', 'UMUM', 2, 100000, 0, 100000),
(632, '2021-01-13', 'UMUM', 1, 20000, 0, 20000),
(633, '2021-01-13', 'UMUM', 1, 20000, 0, 20000),
(634, '2021-01-13', 'UMUM', 3, 56000, 0, 56000),
(635, '2021-01-14', 'UMUM', 1, 40000, 0, 40000),
(636, '2021-01-14', 'UMUM', 1, 10000, 0, 10000),
(637, '2021-01-14', 'UMUM', 2, 41000, 0, 41000),
(638, '2021-01-14', 'UMUM', 2, 58000, 0, 58000),
(639, '2021-01-14', 'UMUM', 1, 15000, 0, 15000),
(640, '2021-01-14', 'UMUM', 2, 26000, 0, 26000),
(641, '2021-01-14', 'UMUM', 1, 15000, 0, 15000),
(642, '2021-01-14', 'UMUM', 1, 40000, 0, 40000),
(643, '2021-01-14', 'UMUM', 2, 35000, 0, 35000),
(644, '2021-01-15', 'UMUM', 1, 20000, 0, 20000),
(645, '2021-01-15', 'UMUM', 1, 62000, 0, 62000),
(646, '2021-01-15', 'UMUM', 1, 30000, 0, 30000),
(648, '2021-01-15', 'UMUM', 2, 80000, 0, 80000),
(649, '2021-01-15', 'UMUM', 1, 20000, 0, 20000),
(650, '2021-01-15', 'UMUM', 3, 86000, 0, 86000),
(651, '2021-01-16', 'UMUM', 1, 20000, 0, 20000),
(652, '2021-01-16', 'UMUM', 1, 15000, 0, 15000),
(653, '2021-01-16', 'UMUM', 1, 20000, 0, 20000),
(654, '2021-01-16', 'UMUM', 2, 40000, 0, 40000),
(655, '2021-01-16', 'UMUM', 1, 11000, 0, 11000),
(656, '2021-01-16', 'UMUM', 1, 15000, 0, 15000),
(657, '2021-01-16', 'UMUM', 1, 10000, 0, 10000),
(658, '2021-01-16', 'UMUM', 2, 51000, 0, 51000),
(659, '2021-01-17', 'UMUM', 2, 36000, 0, 36000),
(660, '2021-01-17', 'UMUM', 1, 10000, 0, 10000),
(661, '2021-01-17', 'UMUM', 1, 30000, 0, 30000),
(662, '2021-01-17', 'UMUM', 1, 30000, 0, 30000),
(663, '2021-01-17', 'UMUM', 1, 40000, 0, 40000),
(664, '2021-01-17', 'UMUM', 1, 11000, 0, 11000),
(665, '2021-01-17', 'UMUM', 0, 0, 0, 0),
(666, '2021-01-17', 'UMUM', 1, 23000, 0, 23000),
(667, '2021-01-17', 'UMUM', 1, 60000, 0, 60000),
(668, '2021-01-18', 'UMUM', 2, 30000, 0, 30000),
(669, '2021-01-18', 'UMUM', 1, 10000, 0, 10000),
(670, '2021-01-18', 'UMUM', 1, 30000, 0, 30000),
(671, '2021-01-18', 'UMUM', 1, 40000, 0, 40000),
(672, '2021-01-18', 'UMUM', 1, 15000, 0, 15000),
(673, '2021-01-18', 'UMUM', 1, 15000, 0, 15000),
(674, '2021-01-18', 'UMUM', 1, 10000, 0, 10000),
(675, '2021-01-18', 'UMUM', 1, 30000, 0, 30000),
(676, '2021-01-18', 'UMUM', 3, 90000, 0, 90000),
(677, '2021-01-19', 'UMUM', 1, 65000, 0, 65000),
(678, '2021-01-19', 'UMUM', 1, 40000, 0, 40000),
(679, '2021-01-19', 'UMUM', 1, 15000, 0, 15000),
(680, '2021-01-19', 'UMUM', 1, 65000, 0, 65000),
(681, '2021-01-19', 'UMUM', 1, 15000, 0, 15000),
(682, '2021-01-19', 'UMUM', 1, 20000, 0, 20000),
(683, '2021-01-19', 'UMUM', 1, 20000, 0, 20000),
(684, '2021-01-19', 'UMUM', 1, 15000, 0, 15000),
(685, '2021-01-19', 'UMUM', 1, 10000, 0, 10000),
(686, '2021-01-19', 'UMUM', 1, 20000, 0, 20000),
(687, '2021-01-19', 'UMUM', 1, 30000, 0, 30000),
(688, '2021-01-19', 'UMUM', 2, 60000, 0, 60000),
(689, '2021-01-20', 'UMUM', 1, 23000, 0, 23000),
(690, '2021-01-20', 'UMUM', 1, 15000, 0, 15000),
(691, '2021-01-20', 'UMUM', 1, 10000, 0, 10000),
(692, '2021-01-20', 'UMUM', 1, 10000, 0, 10000),
(693, '2021-01-20', 'UMUM', 1, 15000, 0, 15000),
(694, '2021-01-20', 'UMUM', 1, 60000, 0, 60000),
(695, '2021-01-20', 'UMUM', 1, 15000, 0, 15000),
(696, '2021-01-20', 'UMUM', 1, 40000, 0, 40000),
(697, '2021-01-20', 'UMUM', 2, 81000, 0, 81000),
(698, '2021-01-21', 'UMUM', 2, 73000, 0, 73000),
(699, '2021-01-21', 'UMUM', 1, 20000, 0, 20000),
(700, '2021-01-21', 'UMUM', 1, 10000, 0, 10000),
(701, '2021-01-21', 'UMUM', 2, 49000, 0, 49000),
(702, '2021-01-21', 'UMUM', 1, 10000, 0, 10000),
(703, '2021-01-22', 'UMUM', 1, 11000, 0, 11000),
(704, '2021-01-22', 'UMUM', 1, 65000, 0, 65000),
(705, '2021-01-22', 'UMUM', 1, 10000, 0, 10000),
(706, '2021-01-22', 'UMUM', 1, 30000, 0, 30000),
(707, '2021-01-22', 'UMUM', 1, 65000, 0, 65000),
(708, '2021-01-22', 'UMUM', 1, 40000, 0, 40000),
(709, '2021-01-22', 'UMUM', 1, 60000, 0, 60000),
(710, '2021-01-22', 'UMUM', 0, 0, 0, 0),
(711, '2021-01-22', 'UMUM', 1, 30000, 0, 30000),
(712, '2021-01-22', 'UMUM', 2, 60000, 0, 60000),
(713, '2021-01-22', 'UMUM', 2, 45000, 0, 45000),
(714, '2021-01-22', 'UMUM', 1, 23000, 0, 23000),
(715, '2021-01-22', 'UMUM', 1, 10000, 0, 10000),
(716, '2021-01-22', 'UMUM', 1, 40000, 0, 40000),
(717, '2021-01-23', 'UMUM', 1, 11000, 0, 11000),
(718, '2021-01-23', 'UMUM', 1, 15000, 0, 15000),
(719, '2021-01-23', 'UMUM', 1, 11000, 0, 11000),
(720, '2021-01-23', 'UMUM', 1, 10000, 0, 10000),
(721, '2021-01-23', 'UMUM', 1, 15000, 0, 15000),
(722, '2021-01-23', 'UMUM', 1, 20000, 0, 20000),
(723, '2021-01-23', 'UMUM', 1, 30000, 0, 30000),
(724, '2021-01-23', 'UMUM', 1, 15000, 0, 15000),
(725, '2021-01-24', 'UMUM', 2, 65000, 0, 65000),
(726, '2021-01-24', 'UMUM', 3, 55000, 0, 55000),
(727, '2021-01-25', 'UMUM', 1, 10000, 0, 10000),
(728, '2021-01-25', 'UMUM', 1, 15000, 0, 15000),
(729, '2021-01-25', 'UMUM', 3, 73000, 0, 73000),
(730, '2021-01-25', 'UMUM', 1, 20000, 0, 20000),
(731, '2021-01-25', 'UMUM', 3, 67000, 0, 67000),
(732, '2021-01-25', 'UMUM', 2, 55000, 0, 55000),
(733, '2021-01-26', 'UMUM', 1, 20000, 0, 20000),
(734, '2021-01-26', 'UMUM', 2, 82000, 0, 82000),
(735, '2021-01-26', 'UMUM', 1, 40000, 0, 40000),
(736, '2021-01-26', 'UMUM', 1, 40000, 0, 40000),
(738, '2021-01-26', 'UMUM', 1, 30000, 0, 30000),
(739, '2021-01-26', 'UMUM', 1, 10000, 0, 10000),
(740, '2021-01-26', 'UMUM', 1, 10000, 0, 10000),
(741, '2021-01-26', 'UMUM', 1, 60000, 0, 60000),
(742, '2021-01-26', 'UMUM', 1, 11000, 0, 11000),
(743, '2021-01-26', 'UMUM', 1, 10000, 0, 10000),
(744, '2021-01-26', 'UMUM', 2, 50000, 0, 50000),
(745, '2021-01-26', 'UMUM', 1, 10000, 0, 10000),
(746, '2021-01-26', 'UMUM', 2, 86000, 0, 86000),
(747, '2021-01-27', 'UMUM', 1, 42000, 0, 42000),
(748, '2021-01-27', 'UMUM', 1, 20000, 0, 20000),
(749, '2021-01-27', 'UMUM', 1, 30000, 0, 30000),
(750, '2021-01-27', 'UMUM', 1, 21000, 0, 21000),
(751, '2021-01-27', 'UMUM', 1, 21000, 0, 21000),
(752, '2021-01-27', 'UMUM', 1, 29000, 0, 29000),
(753, '2021-01-27', 'UMUM', 1, 20000, 0, 20000),
(754, '2021-01-27', 'UMUM', 3, 117000, 0, 117000),
(755, '2021-01-27', 'UMUM', 1, 20000, 0, 20000),
(756, '2021-01-27', 'UMUM', 0, 0, 0, 0),
(757, '2021-01-27', 'UMUM', 1, 30000, 0, 30000),
(758, '2021-01-28', 'UMUM', 2, 26000, 0, 26000),
(759, '2021-01-28', 'UMUM', 2, 26000, 0, 26000),
(760, '2021-01-28', 'UMUM', 1, 30000, 0, 30000),
(761, '2021-01-28', 'UMUM', 1, 11000, 0, 11000),
(762, '2021-01-28', 'UMUM', 1, 21000, 0, 21000),
(763, '2021-01-28', 'UMUM', 1, 15000, 0, 15000),
(764, '2021-01-28', 'UMUM', 1, 11000, 0, 11000),
(765, '2021-01-29', 'UMUM', 2, 53000, 0, 53000),
(766, '2021-01-29', 'UMUM', 1, 38000, 0, 38000),
(767, '2021-01-29', 'UMUM', 1, 11000, 0, 11000),
(768, '2021-01-29', 'UMUM', 1, 10000, 0, 10000),
(769, '2021-01-29', 'UMUM', 2, 21000, 0, 21000),
(770, '2021-01-29', 'UMUM', 1, 9000, 0, 9000),
(771, '2021-01-29', 'UMUM', 2, 30000, 0, 30000),
(772, '2021-01-29', 'UMUM', 1, 10000, 0, 10000),
(773, '2021-01-29', 'UMUM', 2, 117500, 0, 117500),
(774, '2021-01-30', 'UMUM', 1, 11000, 0, 11000),
(775, '2021-01-30', 'UMUM', 1, 22000, 0, 22000),
(776, '2021-01-30', 'UMUM', 1, 10000, 0, 10000),
(777, '2021-01-30', 'UMUM', 2, 41000, 0, 41000),
(778, '2021-01-30', 'UMUM', 1, 15000, 0, 15000),
(779, '2021-01-30', 'UMUM', 1, 25000, 0, 25000),
(780, '2021-01-30', 'UMUM', 1, 11000, 0, 11000),
(781, '2021-01-30', 'UMUM', 1, 30000, 0, 30000),
(782, '2021-01-30', 'UMUM', 3, 80000, 0, 80000),
(783, '2021-01-30', 'UMUM', 1, 65000, 0, 65000),
(784, '2021-01-30', 'UMUM', 4, 89000, 0, 89000),
(785, '2021-01-31', 'UMUM', 2, 63000, 0, 63000),
(786, '2021-01-31', 'UMUM', 2, 55000, 0, 55000),
(787, '2021-02-01', 'UMUM', 1, 65000, 0, 65000),
(788, '2021-02-01', 'UMUM', 1, 10000, 0, 10000),
(789, '2021-02-01', 'UMUM', 2, 69000, 0, 69000),
(790, '2021-02-01', 'UMUM', 1, 29000, 0, 29000),
(791, '2021-02-01', 'UMUM', 2, 70000, 0, 70000),
(792, '2021-02-01', 'UMUM', 1, 15000, 0, 15000),
(793, '2021-02-02', 'UMUM', 1, 15000, 0, 15000),
(794, '2021-02-02', 'UMUM', 3, 63000, 0, 63000),
(795, '2021-02-02', 'UMUM', 2, 75000, 0, 75000),
(797, '2021-02-02', 'UMUM', 1, 10000, 0, 10000),
(798, '2021-02-02', 'UMUM', 1, 20000, 0, 20000),
(799, '2021-02-02', 'UMUM', 1, 62000, 0, 62000),
(800, '2021-02-02', 'UMUM', 1, 40000, 0, 40000),
(801, '2021-02-02', 'UMUM', 1, 15000, 0, 15000),
(802, '2021-02-02', 'UMUM', 1, 11000, 0, 11000),
(803, '2021-02-03', 'UMUM', 1, 60000, 0, 60000),
(804, '2021-02-03', 'UMUM', 1, 10000, 0, 10000),
(805, '2021-02-03', 'UMUM', 1, 25000, 0, 25000),
(806, '2021-02-03', 'UMUM', 1, 30000, 0, 30000),
(807, '2021-02-03', 'UMUM', 1, 40000, 0, 40000),
(808, '2021-02-03', 'UMUM', 2, 40000, 0, 40000),
(809, '2021-02-03', 'UMUM', 1, 11000, 0, 11000),
(810, '2021-02-03', 'UMUM', 1, 25000, 0, 25000),
(811, '2021-02-03', 'UMUM', 1, 15000, 0, 15000),
(812, '2021-02-03', 'UMUM', 1, 40000, 0, 40000),
(813, '2021-02-03', 'UMUM', 1, 20000, 0, 20000),
(815, '2021-02-03', 'UMUM', 1, 30000, 0, 30000),
(816, '2021-02-03', 'UMUM', 3, 66000, 0, 66000),
(817, '2021-02-03', 'UMUM', 1, 23000, 0, 23000),
(818, '2021-02-03', 'UMUM', 2, 50000, 0, 50000),
(820, '2021-02-03', 'UMUM', 1, 40000, 0, 40000),
(821, '2021-02-03', 'UMUM', 1, 30000, 0, 30000),
(822, '2021-02-03', 'UMUM', 1, 15000, 0, 15000),
(823, '2021-02-03', 'UMUM', 1, 20000, 0, 20000),
(824, '2021-02-03', 'UMUM', 1, 29000, 0, 29000),
(825, '2021-02-04', 'UMUM', 1, 11000, 0, 11000),
(826, '2021-02-04', 'UMUM', 1, 11000, 0, 11000),
(827, '2021-02-04', 'UMUM', 1, 60000, 0, 60000),
(828, '2021-02-04', 'UMUM', 1, 11000, 0, 11000),
(829, '2021-02-04', 'UMUM', 1, 23000, 0, 23000),
(830, '2021-02-04', 'UMUM', 1, 23000, 0, 23000),
(831, '2021-02-04', 'UMUM', 1, 40000, 0, 40000),
(832, '2021-02-04', 'UMUM', 1, 0, 0, 0),
(833, '2021-02-04', 'UMUM', 1, 11000, 0, 11000),
(835, '2021-02-04', 'UMUM', 1, 20000, 0, 20000),
(836, '2021-02-05', 'UMUM', 1, 10000, 0, 10000),
(837, '2021-02-05', 'UMUM', 1, 10000, 0, 10000),
(838, '2021-02-05', 'UMUM', 1, 23000, 0, 23000),
(839, '2021-02-05', 'UMUM', 1, 11000, 0, 11000),
(840, '2021-02-05', 'UMUM', 1, 15000, 0, 15000),
(841, '2021-02-05', 'UMUM', 1, 20000, 0, 20000),
(842, '2021-02-05', 'UMUM', 1, 20000, 0, 20000),
(843, '2021-02-05', 'UMUM', 1, 30000, 0, 30000),
(845, '2021-02-06', 'UMUM', 1, 29000, 0, 29000),
(846, '2021-02-06', 'UMUM', 1, 10000, 0, 10000),
(847, '2021-02-06', 'UMUM', 2, 50000, 0, 50000),
(848, '2021-02-06', 'UMUM', 1, 15000, 0, 15000),
(849, '2021-02-06', 'UMUM', 2, 60000, 0, 60000),
(850, '2021-02-07', 'UMUM', 3, 45000, 0, 45000),
(851, '2021-02-07', 'UMUM', 1, 10000, 0, 10000),
(852, '2021-02-07', 'UMUM', 2, 45000, 0, 45000),
(853, '2021-02-08', 'UMUM', 1, 10000, 0, 10000),
(854, '2021-02-08', 'UMUM', 1, 10000, 0, 10000),
(855, '2021-02-08', 'UMUM', 1, 30000, 0, 30000),
(856, '2021-02-08', 'UMUM', 1, 11000, 0, 11000),
(857, '2021-02-08', 'UMUM', 1, 11000, 0, 11000),
(858, '2021-02-08', 'UMUM', 1, 65000, 0, 65000),
(859, '2021-02-08', 'UMUM', 1, 29000, 0, 29000),
(860, '2021-02-08', 'UMUM', 1, 10000, 0, 10000),
(861, '2021-02-08', 'UMUM', 1, 30000, 0, 30000),
(862, '2021-02-08', 'UMUM', 1, 11000, 0, 11000),
(863, '2021-02-08', 'UMUM', 3, 63000, 0, 63000),
(864, '2021-02-08', 'UMUM', 1, 9000, 0, 9000),
(865, '2021-02-09', 'UMUM', 2, 39000, 0, 39000),
(866, '2021-02-09', 'UMUM', 1, 65000, 0, 65000),
(867, '2021-02-09', 'UMUM', 1, 30000, 0, 30000),
(868, '2021-02-09', 'UMUM', 2, 70000, 0, 70000),
(869, '2021-02-09', 'UMUM', 1, 11000, 0, 11000),
(870, '2021-02-09', 'UMUM', 1, 15000, 0, 15000),
(871, '2021-02-09', 'UMUM', 1, 24000, 0, 24000),
(872, '2021-02-09', 'UMUM', 1, 10000, 0, 10000),
(873, '2021-02-10', 'UMUM', 1, 15000, 0, 15000),
(874, '2021-02-10', 'UMUM', 1, 11000, 0, 11000),
(875, '2021-02-10', 'UMUM', 2, 70000, 0, 70000),
(876, '2021-02-10', 'UMUM', 1, 40000, 0, 40000),
(877, '2021-02-10', 'UMUM', 1, 30000, 0, 30000),
(878, '2021-02-10', 'UMUM', 1, 40000, 0, 40000),
(879, '2021-02-10', 'UMUM', 1, 24000, 0, 24000),
(880, '2021-02-11', 'UMUM', 1, 30000, 0, 30000),
(881, '2021-02-11', 'UMUM', 1, 20000, 0, 20000),
(882, '2021-02-11', 'UMUM', 1, 11000, 0, 11000),
(883, '2021-02-11', 'UMUM', 3, 101000, 0, 101000),
(884, '2021-02-11', 'UMUM', 1, 40000, 0, 40000),
(885, '2021-02-11', 'UMUM', 1, 10000, 0, 10000),
(886, '2021-02-11', 'UMUM', 1, 10000, 0, 10000),
(887, '2021-02-11', 'UMUM', 1, 23000, 0, 23000),
(889, '2021-02-11', 'UMUM', 1, 15000, 0, 15000),
(890, '2021-02-11', 'UMUM', 1, 30000, 0, 30000),
(891, '2021-02-11', 'UMUM', 1, 20000, 0, 20000),
(892, '2021-02-11', 'UMUM', 1, 33000, 0, 33000),
(893, '2021-02-11', 'UMUM', 1, 40000, 0, 40000),
(894, '2021-02-12', 'UMUM', 2, 60000, 0, 60000),
(895, '2021-02-12', 'UMUM', 1, 10000, 0, 10000),
(896, '2021-02-12', 'UMUM', 1, 40000, 0, 40000),
(897, '2021-02-12', 'UMUM', 2, 49000, 0, 49000),
(898, '2021-02-12', 'UMUM', 1, 35000, 0, 35000),
(899, '2021-02-12', 'UMUM', 1, 20000, 0, 20000),
(900, '2021-02-12', 'UMUM', 1, 10000, 0, 10000),
(901, '2021-02-12', 'UMUM', 1, 10000, 0, 10000),
(902, '2021-02-12', 'UMUM', 2, 59000, 0, 59000),
(903, '2021-02-13', 'UMUM', 1, 65000, 0, 65000),
(904, '2021-02-13', 'UMUM', 1, 10000, 0, 10000),
(905, '2021-02-13', 'UMUM', 1, 20000, 0, 20000),
(906, '2021-02-13', 'UMUM', 1, 30000, 0, 30000),
(907, '2021-02-13', 'UMUM', 1, 10000, 0, 10000),
(908, '2021-02-13', 'UMUM', 1, 30000, 0, 30000),
(909, '2021-02-14', 'UMUM', 1, 22000, 0, 22000),
(910, '2021-02-15', 'UMUM', 1, 40000, 0, 40000),
(911, '2021-02-15', 'UMUM', 1, 29000, 0, 29000),
(912, '2021-02-15', 'UMUM', 1, 30000, 0, 30000),
(913, '2021-02-15', 'UMUM', 2, 45000, 0, 45000),
(914, '2021-02-15', 'UMUM', 1, 10000, 0, 10000),
(915, '2021-02-15', 'UMUM', 1, 10000, 0, 10000),
(916, '2021-02-15', 'UMUM', 1, 30000, 0, 30000),
(917, '2021-02-15', 'UMUM', 1, 30000, 0, 30000),
(918, '2021-02-15', 'UMUM', 1, 124000, 0, 124000),
(919, '2021-02-15', 'UMUM', 1, 24000, 0, 24000),
(920, '2021-02-15', 'UMUM', 1, 23000, 0, 23000),
(921, '2021-02-15', 'UMUM', 1, 11000, 0, 11000),
(922, '2021-02-15', 'UMUM', 1, 20000, 0, 20000),
(923, '2021-02-15', 'UMUM', 1, 15000, 0, 15000),
(924, '2021-02-15', 'UMUM', 1, 65000, 0, 65000),
(925, '2021-02-15', 'UMUM', 1, 15000, 0, 15000),
(926, '2021-02-15', 'UMUM', 1, 30000, 0, 30000),
(927, '2021-02-15', 'UMUM', 1, 30000, 0, 30000),
(928, '2021-02-15', 'UMUM', 2, 53000, 0, 53000),
(929, '2021-02-16', 'UMUM', 1, 30000, 0, 30000),
(930, '2021-02-16', 'UMUM', 2, 70000, 0, 70000),
(931, '2021-02-16', 'UMUM', 2, 41000, 0, 41000),
(932, '2021-02-16', 'UMUM', 1, 11000, 0, 11000),
(933, '2021-02-16', 'UMUM', 1, 75000, 33, 50250),
(934, '2021-02-16', 'UMUM', 1, 40000, 0, 40000),
(935, '2021-02-16', 'UMUM', 1, 20000, 0, 20000),
(936, '2021-02-16', 'UMUM', 1, 10000, 0, 10000),
(938, '2021-02-16', 'UMUM', 1, 23000, 0, 23000),
(939, '2021-02-16', 'UMUM', 1, 20000, 0, 20000),
(940, '2021-02-17', 'UMUM', 1, 23000, 0, 23000),
(941, '2021-02-17', 'UMUM', 1, 29000, 0, 29000),
(942, '2021-02-17', 'UMUM', 1, 11000, 0, 11000),
(943, '2021-02-17', 'UMUM', 1, 10000, 0, 10000),
(944, '2021-02-17', 'UMUM', 1, 30000, 0, 30000),
(945, '2021-02-17', 'UMUM', 1, 20000, 0, 20000),
(946, '2021-02-17', 'UMUM', 2, 80000, 0, 80000),
(947, '2021-02-17', 'UMUM', 1, 21000, 0, 21000),
(948, '2021-02-17', 'UMUM', 1, 11000, 0, 11000),
(949, '2021-02-17', 'UMUM', 1, 15000, 0, 15000),
(950, '2021-02-17', 'UMUM', 1, 23000, 0, 23000),
(951, '2021-02-17', 'UMUM', 1, 30000, 0, 30000),
(952, '2021-02-18', 'UMUM', 1, 11000, 0, 11000),
(953, '2021-02-18', 'UMUM', 1, 23000, 0, 23000),
(954, '2021-02-18', 'UMUM', 2, 45000, 0, 45000),
(955, '2021-02-18', 'UMUM', 2, 25500, 0, 25500),
(956, '2021-02-18', 'UMUM', 1, 30000, 0, 30000),
(957, '2021-02-18', 'UMUM', 1, 30000, 0, 30000),
(958, '2021-02-18', 'UMUM', 1, 62000, 0, 62000),
(959, '2021-02-18', 'UMUM', 1, 10000, 0, 10000),
(960, '2021-02-18', 'UMUM', 2, 45000, 0, 45000),
(961, '2021-02-19', 'UMUM', 2, 80000, 0, 80000),
(962, '2021-02-19', 'UMUM', 1, 11000, 0, 11000),
(963, '2021-02-20', 'UMUM', 1, 45000, 0, 45000),
(964, '2021-02-20', 'UMUM', 2, 45000, 0, 45000),
(965, '2021-02-20', 'UMUM', 1, 30000, 0, 30000),
(966, '2021-02-20', 'UMUM', 2, 39000, 0, 39000),
(967, '2021-02-20', 'UMUM', 1, 25000, 0, 25000),
(968, '2021-02-20', 'UMUM', 1, 20000, 0, 20000),
(969, '2021-02-20', 'UMUM', 0, 0, 0, 0),
(970, '2021-02-20', 'UMUM', 1, 25000, 0, 25000),
(971, '2021-02-20', 'UMUM', 1, 15000, 0, 15000),
(973, '2021-02-21', 'UMUM', 3, 116000, 0, 116000);

-- --------------------------------------------------------

--
-- Struktur dari tabel `sell_detail`
--

CREATE TABLE `sell_detail` (
  `id_sdet` int(11) UNSIGNED NOT NULL,
  `sell_id` int(11) UNSIGNED NOT NULL,
  `product_id` int(11) UNSIGNED NOT NULL,
  `product_name` varchar(255) NOT NULL,
  `product_price` double NOT NULL,
  `product_qty` int(5) NOT NULL
) ENGINE=InnoDB DEFAULT CHARSET=utf8;

--
-- Dumping data untuk tabel `sell_detail`
--

INSERT INTO `sell_detail` (`id_sdet`, `sell_id`, `product_id`, `product_name`, `product_price`, `product_qty`) VALUES
(2, 12, 88, 'KABEL VIVAN CSM100 NEW', 25000, 1),
(3, 13, 156, 'V Axis 4GB 30D', 18000, 1),
(4, 14, 151, 'V XL 11GB', 40000, 1),
(5, 15, 156, 'V Axis 4GB 30D', 18000, 1),
(6, 16, 140, 'V Telkomsel 2,5GB', 18000, 1),
(7, 17, 140, 'V Telkomsel 2,5GB', 18000, 1),
(8, 17, 151, 'V XL 11GB', 40000, 1),
(9, 17, 146, 'V IM3 6GB', 29000, 1),
(10, 17, 156, 'V Axis 4GB 30D', 18000, 1),
(11, 18, 141, 'V Telkomsel 3,5GB', 23000, 1),
(12, 19, 159, 'V tri 2GB/30D', 16000, 1),
(13, 20, 150, 'V XL 6GB', 28000, 1),
(14, 25, 148, 'Sp XL 6GB', 32000, 1),
(15, 26, 114, 'HF MACARON U19', 23000, 1),
(16, 27, 150, 'V XL 6GB', 28000, 1),
(17, 27, 148, 'SP XL 6GB', 30000, 1),
(18, 28, 141, 'V TELKOMSEL 3,5GB', 25000, 1),
(19, 32, 150, 'V XL 6GB', 28000, 1),
(20, 33, 173, 'V AXIS 1GB 5D', 10000, 1),
(21, 34, 151, 'V XL 11GB', 40000, 1),
(22, 35, 140, 'V Telkomsel 2,5GB', 18000, 1),
(23, 36, 147, 'V IM3 7GB unli', 85000, 1),
(24, 38, 140, 'V TELKOMSEL 2,5GB', 15000, 1),
(25, 41, 150, 'V XL 6GB', 28000, 1),
(26, 42, 160, 'V tri 3GB', 21000, 2),
(27, 43, 146, 'V IM3 6GB', 29000, 1),
(28, 45, 160, 'V tri 3GB', 21000, 1),
(29, 45, 173, 'V AXIS 1GB 5D', 10000, 1),
(30, 46, 175, 'V IM3 10GB', 40000, 1),
(31, 46, 130, 'TG REDMI 5A', 10000, 1),
(32, 47, 138, 'Sp as reguler', 11000, 1),
(33, 48, 172, 'V XL 21GB', 65000, 1),
(34, 50, 88, 'KABEL VIVAN CSM100 NEW', 25000, 1),
(35, 51, 140, 'V TELKOMSEL 2,5GB', 15000, 1),
(36, 51, 160, 'V tri 3GB', 21000, 1),
(37, 51, 173, 'V AXIS 1GB 5D', 10000, 1),
(38, 53, 171, 'V TELKOMSEL 1,5GB', 11000, 1),
(39, 53, 172, 'V XL 21GB', 65000, 1),
(40, 53, 44, 'TG REDMI NOTE 7', 10000, 1),
(41, 54, 151, 'V XL 11GB', 40000, 1),
(42, 55, 175, 'V IM3 10GB', 40000, 1),
(43, 55, 153, 'Sp Axis 5,5GB', 23000, 1),
(44, 56, 88, 'KABEL VIVAN CSM100 NEW', 20000, 1),
(45, 57, 171, 'V TELKOMSEL 1,5GB', 11000, 1),
(46, 58, 141, 'V TELKOMSEL 3,5GB', 25000, 2),
(47, 59, 119, 'TC BRAND DELL 2A', 22000, 1),
(48, 60, 173, 'V AXIS 1GB 5D', 10000, 1),
(49, 61, 150, 'V XL 6GB', 28000, 1),
(50, 64, 150, 'V XL 6GB', 28000, 1),
(51, 65, 93, 'SPEAKER KARAOKE S339', 105000, 1),
(52, 67, 160, 'V tri 3GB', 21000, 1),
(53, 68, 170, 'V smart unli lite', 70000, 1),
(54, 69, 159, 'V tri 2GB/30D', 16000, 1),
(55, 70, 177, 'V TELKOMSEL 8 GB', 60000, 1),
(56, 71, 150, 'V XL 6GB', 28000, 1),
(57, 72, 95, 'HF BLUETOOTH INFODS 112', 75000, 1),
(58, 72, 150, 'V XL 6GB', 28000, 1),
(59, 73, 151, 'V XL 11GB', 40000, 1),
(60, 74, 171, 'V TELKOMSEL 1,5GB', 11000, 1),
(61, 75, 178, 'MASKER VENUS', 1500, 100),
(62, 76, 146, 'V IM3 6GB', 29000, 1),
(63, 77, 146, 'V IM3 6GB', 29000, 1),
(64, 78, 142, 'Sp IM3 2GB', 9000, 1),
(65, 79, 174, 'V IM3 3GB', 20000, 1),
(66, 80, 176, 'V IM3 1,5GB 5D', 11000, 1),
(67, 81, 150, 'V XL 6GB', 28000, 1),
(68, 82, 148, 'SP XL 6GB', 30000, 1),
(69, 82, 173, 'V AXIS 1GB 5D', 10000, 2),
(70, 83, 139, 'Sp Telkomsel 5GB', 21000, 1),
(71, 84, 176, 'V IM3 1,5GB 5D', 11000, 1),
(72, 84, 150, 'V XL 6GB', 28000, 1),
(73, 84, 171, 'V TELKOMSEL 1,5GB', 11000, 1),
(74, 84, 155, 'V Axis 2GB 30D', 24000, 1),
(75, 84, 168, 'V smart 6GB unl Nonstop', 30000, 1),
(76, 85, 146, 'V IM3 6GB', 29000, 1),
(77, 86, 156, 'V AXIS 4GB 30D', 18000, 1),
(78, 87, 150, 'V XL 6GB', 28000, 1),
(79, 88, 140, 'V TELKOMSEL 2,5GB', 15000, 1),
(80, 89, 151, 'V XL 11GB', 40000, 1),
(81, 90, 146, 'V IM3 6GB', 29000, 1),
(82, 92, 150, 'V XL 6GB', 28000, 1),
(83, 93, 148, 'SP XL 6GB', 30000, 1),
(84, 94, 148, 'SP XL 6GB', 30000, 1),
(85, 95, 150, 'V XL 6GB', 28000, 1),
(86, 97, 89, 'BATOK ROBOT K6', 30000, 1),
(87, 98, 94, 'SAVER MOBIL ROBOT RT-C06', 50500, 1),
(88, 98, 173, 'V AXIS 1GB 5D', 10000, 1),
(89, 99, 146, 'V IM3 6GB', 29000, 1),
(90, 100, 139, 'Sp Telkomsel 5GB', 21000, 1),
(91, 101, 174, 'V IM3 3GB', 20000, 1),
(92, 102, 173, 'V AXIS 1GB 5D', 10000, 1),
(94, 104, 138, 'Sp as reguler', 11000, 1),
(95, 104, 151, 'V XL 11GB', 40000, 1),
(96, 105, 151, 'V XL 11GB', 40000, 1),
(97, 106, 119, 'TC BRAND DELL 2A', 22000, 1),
(98, 107, 172, 'V XL 21GB', 65000, 1),
(99, 108, 140, 'V TELKOMSEL 2,5GB', 15000, 1),
(100, 109, 20, 'TG REDMI 9A', 10000, 1),
(101, 110, 140, 'V TELKOMSEL 2,5GB', 15000, 1),
(102, 111, 171, 'V TELKOMSEL 1,5GB', 11000, 1),
(103, 112, 173, 'V AXIS 1GB 5D', 10000, 1),
(104, 113, 180, 'V TRI 6GB', 38000, 1),
(105, 114, 156, 'V AXIS 4GB 30D', 18000, 1),
(106, 115, 172, 'V XL 21GB', 65000, 1),
(107, 116, 174, 'V IM3 3GB', 20000, 1),
(108, 117, 150, 'V XL 6GB', 28000, 1),
(109, 118, 150, 'V XL 6GB', 28000, 1),
(110, 119, 150, 'V XL 6GB', 28000, 2),
(111, 120, 150, 'V XL 6GB', 28000, 1),
(112, 121, 171, 'V TELKOMSEL 1,5GB', 11000, 1),
(113, 121, 112, 'HF HI-FI ENJOY MUSIK D21', 15000, 1),
(114, 122, 141, 'V TELKOMSEL 3,5GB', 25000, 1),
(115, 123, 151, 'V XL 11GB', 40000, 1),
(116, 124, 173, 'V AXIS 1GB 5D', 10000, 1),
(117, 125, 141, 'V TELKOMSEL 3,5GB', 25000, 1),
(118, 126, 173, 'V AXIS 1GB 5D', 10000, 1),
(119, 126, 89, 'BATOK ROBOT K6', 30000, 1),
(120, 127, 178, 'MASKER VENUS', 1500, 50),
(121, 129, 170, 'V smart unli lite', 70000, 2),
(122, 129, 143, 'Sp IM3 3GB', 15000, 1),
(123, 129, 174, 'V IM3 3GB', 20000, 1),
(124, 129, 142, 'Sp IM3 2GB', 9000, 1),
(125, 129, 176, 'V IM3 1,5GB 5D', 11000, 2),
(126, 130, 173, 'V AXIS 1GB 5D', 10000, 1),
(127, 130, 139, 'Sp Telkomsel 5GB', 21000, 1),
(128, 130, 140, 'V TELKOMSEL 2,5GB', 15000, 2),
(129, 130, 148, 'SP XL 6GB', 30000, 1),
(130, 130, 150, 'V XL 6GB', 28000, 3),
(131, 131, 112, 'HF HI-FI ENJOY MUSIK D21', 15000, 1),
(132, 131, 81, 'TG UNI 5,0', 10000, 1),
(133, 131, 130, 'TG REDMI 5A', 10000, 1),
(134, 131, 25, 'TG OPPO REALME C2 A1K', 10000, 1),
(135, 132, 87, 'KABEL ROBOT RBM100', 8000, 1),
(136, 132, 95, 'HF BLUETOOTH INFODS 112', 75000, 1),
(137, 133, 148, 'SP XL 6GB', 30000, 1),
(138, 133, 174, 'V IM3 3GB', 20000, 1),
(139, 133, 172, 'V XL 21GB', 65000, 1),
(140, 134, 150, 'V XL 6GB', 28000, 1),
(141, 135, 177, 'V TELKOMSEL 8 GB', 60000, 1),
(142, 136, 175, 'V IM3 10GB', 40000, 1),
(143, 137, 150, 'V XL 6GB', 28000, 1),
(144, 138, 173, 'V AXIS 1GB 5D', 10000, 1),
(145, 139, 148, 'SP XL 6GB', 30000, 1),
(146, 139, 140, 'V TELKOMSEL 2,5GB', 15000, 1),
(147, 140, 148, 'SP XL 6GB', 30000, 1),
(148, 141, 173, 'V AXIS 1GB 5D', 10000, 1),
(149, 142, 171, 'V TELKOMSEL 1,5GB', 11000, 1),
(150, 143, 168, 'V smart 6GB unl Nonstop', 30000, 1),
(151, 144, 96, 'HF SAMSUNG AKG S8', 15000, 1),
(152, 145, 140, 'V TELKOMSEL 2,5GB', 15000, 1),
(153, 145, 112, 'HF HI-FI ENJOY MUSIK D21', 15000, 1),
(154, 146, 156, 'V AXIS 4GB 30D', 18000, 1),
(155, 147, 11, 'TG SAM GALAXY V', 10000, 1),
(156, 148, 140, 'V TELKOMSEL 2,5GB', 15000, 1),
(157, 149, 159, 'V tri 2GB/30D', 16000, 1),
(158, 150, 174, 'V IM3 3GB', 20000, 1),
(159, 152, 152, 'Sp Axis 3GB', 15000, 1),
(160, 153, 150, 'V XL 6GB', 28000, 2),
(161, 154, 150, 'V XL 6GB', 28000, 1),
(162, 155, 148, 'SP XL 6GB', 30000, 2),
(163, 156, 148, 'SP XL 6GB', 30000, 1),
(164, 157, 178, 'MASKER VENUS', 1500, 50),
(165, 158, 141, 'V TELKOMSEL 3,5GB', 25000, 1),
(166, 159, 25, 'TG OPPO REALME C2 A1K', 10000, 1),
(167, 159, 75, 'TG SAM J2 PRIME', 10000, 1),
(168, 160, 176, 'V IM3 1,5GB 5D', 11000, 1),
(169, 161, 150, 'V XL 6GB', 28000, 1),
(170, 162, 143, 'Sp IM3 3GB', 15000, 1),
(171, 163, 150, 'V XL 6GB', 28000, 1),
(172, 164, 173, 'V AXIS 1GB 5D', 10000, 1),
(173, 164, 174, 'V IM3 3GB', 20000, 1),
(174, 165, 141, 'V TELKOMSEL 3,5GB', 25000, 1),
(175, 166, 152, 'Sp Axis 3GB', 15000, 1),
(176, 167, 152, 'Sp Axis 3GB', 15000, 1),
(177, 168, 99, 'TC XIOMI ORIGINAL 100%', 57000, 1),
(178, 169, 169, 'V smart 30GB', 72000, 1),
(179, 171, 171, 'V TELKOMSEL 1,5GB', 11000, 1),
(180, 171, 176, 'V IM3 1,5GB 5D', 11000, 1),
(181, 172, 160, 'V TRI 3GB', 21000, 1),
(182, 172, 173, 'V AXIS 1GB 5D', 10000, 2),
(183, 172, 147, 'V IM3 7GB unli', 85000, 1),
(184, 174, 140, 'V TELKOMSEL 2,5GB', 15000, 1),
(185, 175, 141, 'V TELKOMSEL 3,5GB', 25000, 1),
(186, 175, 87, 'KABEL ROBOT RBM100', 8000, 1),
(187, 175, 173, 'V AXIS 1GB 5D', 10000, 2),
(188, 176, 140, 'V TELKOMSEL 2,5GB', 15000, 1),
(189, 177, 174, 'V IM3 3GB', 20000, 1),
(190, 178, 141, 'V TELKOMSEL 3,5GB', 25000, 1),
(191, 178, 150, 'V XL 6GB', 28000, 1),
(192, 179, 174, 'V IM3 3GB', 20000, 1),
(193, 180, 147, 'V IM3 7GB unli', 85000, 1),
(194, 181, 151, 'V XL 11GB', 40000, 1),
(195, 183, 176, 'V IM3 1,5GB 5D', 11000, 1),
(196, 185, 176, 'V IM3 1,5GB 5D', 11000, 1),
(197, 186, 148, 'SP XL 6GB', 30000, 1),
(198, 187, 174, 'V IM3 3GB', 20000, 1),
(199, 188, 156, 'V AXIS 4GB 30D', 18000, 1),
(200, 189, 159, 'V tri 2GB/30D', 16000, 1),
(201, 190, 173, 'V AXIS 1GB 5D', 10000, 1),
(202, 191, 156, 'V AXIS 4GB 30D', 18000, 1),
(203, 192, 153, 'Sp Axis 5,5GB', 23000, 1),
(204, 193, 176, 'V IM3 1,5GB 5D', 11000, 1),
(205, 194, 140, 'V TELKOMSEL 2,5GB', 15000, 1),
(206, 195, 142, 'Sp IM3 2GB', 9000, 1),
(207, 196, 150, 'V XL 6GB', 28000, 1),
(208, 197, 160, 'V TRI 3GB', 21000, 1),
(209, 198, 176, 'V IM3 1,5GB 5D', 11000, 1),
(210, 198, 146, 'V IM3 6GB', 29000, 1),
(212, 198, 140, 'V TELKOMSEL 2,5GB', 15000, 2),
(213, 198, 171, 'V TELKOMSEL 1,5GB', 11000, 2),
(214, 199, 176, 'V IM3 1,5GB 5D', 11000, 1),
(215, 199, 150, 'V XL 6GB', 28000, 1),
(216, 200, 140, 'V TELKOMSEL 2,5GB', 15000, 1),
(217, 200, 185, 'ANTI CRACK REDMI 8A', 10000, 1),
(218, 200, 187, 'BLACKMATE REALME 3', 10000, 1),
(219, 201, 177, 'V TELKOMSEL 8 GB', 60000, 1),
(220, 202, 174, 'V IM3 3GB', 20000, 1),
(221, 202, 150, 'V XL 6GB', 28000, 1),
(222, 203, 173, 'V AXIS 1GB 5D', 10000, 1),
(223, 204, 176, 'V IM3 1,5GB 5D', 11000, 1),
(224, 205, 146, 'V IM3 6GB', 29000, 1),
(225, 206, 171, 'V TELKOMSEL 1,5GB', 11000, 1),
(226, 207, 156, 'V AXIS 4GB 30D', 18000, 1),
(227, 208, 155, 'V Axis 2GB 30D', 24000, 2),
(228, 210, 174, 'V IM3 3GB', 20000, 1),
(229, 211, 182, 'V IM3 3 GB UNL', 65000, 1),
(230, 212, 173, 'V AXIS 1GB 5D', 10000, 2),
(231, 213, 140, 'V TELKOMSEL 2,5GB', 15000, 1),
(232, 214, 183, 'TG IPHONE 6', 10000, 1),
(233, 215, 173, 'V AXIS 1GB 5D', 10000, 1),
(234, 216, 173, 'V AXIS 1GB 5D', 10000, 1),
(235, 217, 140, 'V TELKOMSEL 2,5GB', 15000, 1),
(236, 217, 151, 'V XL 11GB', 40000, 1),
(237, 218, 155, 'V AXIS 2GB 30D', 24000, 1),
(238, 219, 160, 'V TRI 3GB', 21000, 1),
(239, 220, 150, 'V XL 6GB', 28000, 1),
(240, 221, 171, 'V TELKOMSEL 1,5GB', 11000, 1),
(241, 222, 150, 'V XL 6GB', 28000, 1),
(242, 225, 140, 'V TELKOMSEL 2,5GB', 15000, 1),
(243, 225, 176, 'V IM3 1,5GB 5D', 11000, 1),
(244, 226, 174, 'V IM3 3GB', 20000, 1),
(245, 227, 88, 'KABEL VIVAN CSM100 NEW', 20000, 1),
(246, 228, 176, 'V IM3 1,5GB 5D', 11000, 1),
(247, 230, 140, 'V TELKOMSEL 2,5GB', 15000, 1),
(248, 231, 175, 'V IM3 10GB', 40000, 1),
(249, 232, 152, 'Sp Axis 3GB', 15000, 1),
(250, 233, 174, 'V IM3 3GB', 20000, 1),
(251, 234, 171, 'V TELKOMSEL 1,5GB', 11000, 1),
(252, 235, 140, 'V TELKOMSEL 2,5GB', 15000, 1),
(253, 238, 176, 'V IM3 1,5GB 5D', 11000, 1),
(254, 238, 141, 'V TELKOMSEL 3,5GB', 25000, 1),
(255, 240, 141, 'V TELKOMSEL 3,5GB', 25000, 2),
(256, 242, 174, 'V IM3 3GB', 20000, 1),
(257, 243, 173, 'V AXIS 1GB 5D', 10000, 1),
(258, 243, 174, 'V IM3 3GB', 20000, 1),
(259, 244, 150, 'V XL 6GB', 28000, 1),
(260, 245, 172, 'V XL 21GB', 65000, 1),
(261, 247, 173, 'V AXIS 1GB 5D', 10000, 1),
(262, 248, 139, 'Sp Telkomsel 5GB', 21000, 1),
(263, 249, 141, 'V TELKOMSEL 3,5GB', 25000, 1),
(264, 249, 177, 'V TELKOMSEL 8 GB', 60000, 1),
(265, 250, 138, 'Sp as reguler', 11000, 1),
(266, 251, 173, 'V AXIS 1GB 5D', 10000, 1),
(267, 252, 140, 'V TELKOMSEL 2,5GB', 15000, 1),
(268, 253, 149, 'V XL 1GB', 11500, 1),
(269, 254, 150, 'V XL 6GB', 28000, 1),
(270, 255, 150, 'V XL 6GB', 28000, 1),
(271, 256, 150, 'V XL 6GB', 28000, 1),
(272, 257, 150, 'V XL 6GB', 28000, 1),
(273, 258, 180, 'V TRI 6GB', 38000, 1),
(274, 259, 148, 'SP XL 6GB', 30000, 1),
(275, 260, 151, 'V XL 11GB', 40000, 1),
(276, 261, 150, 'V XL 6GB', 28000, 2),
(277, 262, 173, 'V AXIS 1GB 5D', 10000, 2),
(278, 263, 150, 'V XL 6GB', 28000, 1),
(279, 264, 149, 'V XL 1GB', 11500, 1),
(280, 264, 150, 'V XL 6GB', 28000, 1),
(281, 265, 178, 'MASKER VENUS', 1500, 100),
(282, 266, 173, 'V AXIS 1GB 5D', 10000, 1),
(283, 267, 150, 'V XL 6GB', 28000, 2),
(284, 269, 88, 'KABEL VIVAN CSM100 NEW', 25000, 1),
(285, 270, 114, 'HF MACARON U19', 23000, 2),
(286, 271, 150, 'V XL 6GB', 28000, 1),
(287, 272, 172, 'V XL 21GB', 65000, 1),
(288, 272, 151, 'V XL 11GB', 40000, 1),
(289, 273, 174, 'V IM3 3GB', 20000, 2),
(290, 273, 150, 'V XL 6GB', 28000, 1),
(291, 274, 174, 'V IM3 3GB', 20000, 1),
(292, 276, 173, 'V AXIS 1GB 5D', 10000, 1),
(293, 277, 150, 'V XL 6GB', 28000, 1),
(294, 278, 174, 'V IM3 3GB', 20000, 1),
(295, 278, 141, 'V TELKOMSEL 3,5GB', 25000, 1),
(296, 279, 140, 'V TELKOMSEL 2,5GB', 15000, 1),
(297, 280, 173, 'V AXIS 1GB 5D', 10000, 2),
(298, 281, 175, 'V IM3 10GB', 40000, 1),
(299, 281, 151, 'V XL 11GB', 40000, 1),
(300, 281, 149, 'V XL 1GB', 11500, 1),
(301, 281, 87, 'KABEL ROBOT RBM100', 8000, 1),
(302, 282, 181, 'HF ORI SAMSUNG', 15000, 1),
(303, 283, 148, 'SP XL 6GB', 30000, 1),
(304, 284, 171, 'V TELKOMSEL 1,5GB', 11000, 1),
(305, 285, 151, 'V XL 11GB', 40000, 1),
(306, 286, 146, 'V IM3 6GB', 29000, 1),
(307, 286, 176, 'V IM3 1,5GB 5D', 11000, 1),
(308, 286, 45, 'TG REDMI 6A', 10000, 1),
(309, 287, 150, 'V XL 6GB', 30000, 1),
(310, 288, 153, 'Sp Axis 5,5GB', 23000, 1),
(311, 289, 173, 'V AXIS 1GB 5D', 10000, 1),
(312, 290, 151, 'V XL 11GB', 40000, 1),
(313, 292, 104, 'HF V-GEN VEP 1-11', 28500, 1),
(314, 293, 173, 'V AXIS 1GB 5D', 10000, 1),
(315, 293, 150, 'V XL 6GB', 30000, 1),
(316, 294, 151, 'V XL 11GB', 40000, 1),
(317, 296, 155, 'V AXIS 2GB 30D', 24000, 1),
(318, 297, 176, 'V IM3 1,5GB 5D', 11000, 1),
(319, 298, 152, 'Sp Axis 3GB', 15000, 1),
(320, 299, 15, 'TG SAM A10', 10000, 1),
(321, 299, 140, 'V TELKOMSEL 2,5GB', 15000, 1),
(322, 300, 140, 'V TELKOMSEL 2,5GB', 15000, 1),
(323, 301, 168, 'V smart 6GB unl Nonstop', 30000, 1),
(324, 302, 140, 'V TELKOMSEL 2,5GB', 15000, 1),
(325, 303, 174, 'V IM3 3GB', 20000, 1),
(326, 303, 168, 'V smart 6GB unl Nonstop', 30000, 1),
(327, 304, 152, 'Sp Axis 3GB', 15000, 1),
(328, 306, 14, 'TG SAM A10S', 10000, 1),
(329, 306, 193, 'TG OPPO F5', 10000, 1),
(330, 307, 174, 'V IM3 3GB', 20000, 1),
(331, 308, 174, 'V IM3 3GB', 20000, 2),
(332, 309, 180, 'V TRI 6GB', 38000, 1),
(333, 310, 176, 'V IM3 1,5GB 5D', 11000, 1),
(334, 311, 195, 'V SMART UNLI 7 HARI', 23000, 1),
(335, 312, 106, 'MMC V-GEN 16GB', 60000, 1),
(336, 313, 140, 'V TELKOMSEL 2,5GB', 15000, 2),
(337, 314, 150, 'V XL 6GB', 30000, 1),
(338, 315, 150, 'V XL 6GB', 30000, 2),
(339, 316, 148, 'SP XL 6GB', 30000, 1),
(340, 316, 151, 'V XL 11GB', 40000, 2),
(341, 317, 88, 'KABEL VIVAN CSM100 NEW', 25000, 1),
(342, 317, 176, 'V IM3 1,5GB 5D', 11000, 1),
(343, 318, 151, 'V XL 11GB', 40000, 1),
(344, 320, 174, 'V IM3 3GB', 20000, 1),
(345, 321, 174, 'V IM3 3GB', 20000, 1),
(346, 321, 150, 'V XL 6GB', 30000, 1),
(347, 322, 173, 'V AXIS 1GB 5D', 10000, 2),
(348, 323, 182, 'V IM3 3 GB UNL', 62000, 1),
(349, 324, 151, 'V XL 11GB', 40000, 1),
(350, 324, 150, 'V XL 6GB', 30000, 1),
(351, 326, 119, 'TC BRAND DELL 2A', 25000, 1),
(352, 327, 191, 'BATOK FOOME CC17', 25000, 1),
(353, 327, 88, 'KABEL VIVAN CSM100 NEW', 25000, 1),
(354, 327, 173, 'V AXIS 1GB 5D', 10000, 1),
(355, 327, 155, 'V AXIS 2GB 30D', 24000, 1),
(356, 327, 150, 'V XL 6GB', 30000, 1),
(357, 328, 173, 'V AXIS 1GB 5D', 10000, 1),
(358, 329, 173, 'V AXIS 1GB 5D', 10000, 2),
(359, 330, 173, 'V AXIS 1GB 5D', 10000, 1),
(360, 331, 20, 'TG REDMI 9A', 10000, 1),
(361, 332, 171, 'V TELKOMSEL 1,5GB', 11000, 1),
(362, 332, 174, 'V IM3 3GB', 20000, 1),
(363, 333, 140, 'V TELKOMSEL 2,5GB', 15000, 1),
(364, 333, 151, 'V XL 11GB', 40000, 1),
(365, 334, 192, 'TG IPHONE 6S', 10000, 1),
(366, 335, 176, 'V IM3 1,5GB 5D', 11000, 1),
(367, 336, 150, 'V XL 6GB', 30000, 1),
(368, 337, 172, 'V XL 21GB', 65000, 1),
(369, 338, 173, 'V AXIS 1GB 5D', 10000, 3),
(370, 339, 174, 'V IM3 3GB', 20000, 1),
(371, 341, 140, 'V TELKOMSEL 2,5GB', 15000, 1),
(372, 342, 150, 'V XL 6GB', 30000, 1),
(373, 343, 150, 'V XL 6GB', 30000, 1),
(374, 344, 176, 'V IM3 1,5GB 5D', 11000, 2),
(375, 345, 153, 'Sp Axis 5,5GB', 23000, 1),
(376, 346, 151, 'V XL 11GB', 40000, 1),
(377, 347, 174, 'V IM3 3GB', 20000, 1),
(378, 348, 148, 'SP XL 6GB', 30000, 1),
(379, 349, 174, 'V IM3 3GB', 20000, 1),
(380, 350, 174, 'V IM3 3GB', 20000, 1),
(381, 351, 140, 'V TELKOMSEL 2,5GB', 15000, 1),
(382, 352, 173, 'V AXIS 1GB 5D', 10000, 1),
(383, 353, 176, 'V IM3 1,5GB 5D', 11000, 1),
(384, 354, 150, 'V XL 6GB', 30000, 1),
(385, 355, 150, 'V XL 6GB', 30000, 1),
(386, 356, 180, 'V TRI 6GB', 38000, 1),
(387, 357, 176, 'V IM3 1,5GB 5D', 11000, 1),
(388, 357, 144, 'Sp IM3 6GB', 26000, 1),
(389, 358, 141, 'V TELKOMSEL 3,5GB', 25000, 1),
(390, 359, 141, 'V TELKOMSEL 3,5GB', 25000, 1),
(391, 360, 160, 'V TRI 3GB', 21000, 1),
(392, 361, 140, 'V TELKOMSEL 2,5GB', 15000, 1),
(393, 362, 176, 'V IM3 1,5GB 5D', 11000, 1),
(394, 363, 159, 'V tri 2GB/30D', 16000, 1),
(395, 364, 173, 'V AXIS 1GB 5D', 10000, 1),
(396, 365, 176, 'V IM3 1,5GB 5D', 11000, 1),
(397, 366, 182, 'V IM3 3 GB UNL', 62000, 1),
(398, 367, 172, 'V XL 21GB', 65000, 1),
(399, 368, 171, 'V TELKOMSEL 1,5GB', 11000, 1),
(400, 369, 173, 'V AXIS 1GB 5D', 10000, 1),
(401, 370, 176, 'V IM3 1,5GB 5D', 11000, 2),
(402, 371, 151, 'V XL 11GB', 40000, 1),
(403, 372, 175, 'V IM3 10GB', 40000, 1),
(404, 374, 174, 'V IM3 3GB', 20000, 1),
(405, 375, 174, 'V IM3 3GB', 20000, 1),
(406, 375, 173, 'V AXIS 1GB 5D', 10000, 1),
(407, 376, 198, 'V AXIS 3GB 15D', 23000, 1),
(408, 377, 151, 'V XL 11GB', 40000, 1),
(409, 378, 175, 'V IM3 10GB', 40000, 1),
(410, 379, 151, 'V XL 11GB', 40000, 1),
(411, 381, 170, 'V smart unli lite', 70000, 2),
(412, 383, 174, 'V IM3 3GB', 20000, 1),
(413, 384, 160, 'V TRI 3GB', 21000, 1),
(414, 384, 173, 'V AXIS 1GB 5D', 10000, 1),
(415, 384, 140, 'V TELKOMSEL 2,5GB', 15000, 2),
(416, 385, 113, 'HF JBL JB63', 17000, 1),
(417, 386, 176, 'V IM3 1,5GB 5D', 11000, 1),
(418, 389, 172, 'V XL 21GB', 65000, 1),
(419, 390, 140, 'V TELKOMSEL 2,5GB', 15000, 1),
(420, 391, 151, 'V XL 11GB', 40000, 1),
(421, 392, 174, 'V IM3 3GB', 20000, 1),
(422, 393, 141, 'V TELKOMSEL 3,5GB', 25000, 1),
(423, 394, 182, 'V IM3 3 GB UNL', 62000, 1),
(424, 395, 174, 'V IM3 3GB', 20000, 1),
(425, 396, 140, 'V TELKOMSEL 2,5GB', 15000, 1),
(426, 397, 150, 'V XL 6GB', 30000, 1),
(427, 398, 141, 'V TELKOMSEL 3,5GB', 25000, 1),
(428, 399, 160, 'V TRI 3GB', 21000, 1),
(429, 400, 151, 'V XL 11GB', 40000, 1),
(430, 401, 169, 'V smart 30GB', 72000, 1),
(431, 403, 176, 'V IM3 1,5GB 5D', 11000, 1),
(432, 403, 174, 'V IM3 3GB', 20000, 1),
(433, 404, 150, 'V XL 6GB', 30000, 1),
(434, 405, 176, 'V IM3 1,5GB 5D', 11000, 1),
(435, 406, 150, 'V XL 6GB', 30000, 1),
(436, 407, 140, 'V TELKOMSEL 2,5GB', 15000, 1),
(437, 408, 198, 'V AXIS 3GB 15D', 23000, 1),
(438, 409, 160, 'V TRI 3GB', 21000, 1),
(439, 410, 197, 'HF MACARON U35', 30000, 1),
(440, 410, 175, 'V IM3 10GB', 40000, 1),
(441, 411, 150, 'V XL 6GB', 30000, 1),
(442, 412, 171, 'V TELKOMSEL 1,5GB', 11000, 1),
(443, 412, 174, 'V IM3 3GB', 20000, 1),
(444, 413, 175, 'V IM3 10GB', 40000, 1),
(445, 414, 176, 'V IM3 1,5GB 5D', 11000, 1),
(446, 415, 173, 'V AXIS 1GB 5D', 10000, 1),
(447, 416, 150, 'V XL 6GB', 30000, 1),
(448, 417, 173, 'V AXIS 1GB 5D', 10000, 1),
(449, 418, 140, 'V TELKOMSEL 2,5GB', 15000, 1),
(450, 419, 174, 'V IM3 3GB', 20000, 1),
(451, 420, 102, 'TC SAMSUNG S10 FAST CHARGING', 30000, 2),
(452, 421, 177, 'V TELKOMSEL 8 GB', 60000, 1),
(453, 423, 174, 'V IM3 3GB', 20000, 1),
(454, 424, 173, 'V AXIS 1GB 5D', 10000, 1),
(455, 426, 174, 'V IM3 3GB', 20000, 1),
(456, 427, 172, 'V XL 21GB', 65000, 1),
(457, 428, 140, 'V TELKOMSEL 2,5GB', 15000, 1),
(458, 429, 173, 'V AXIS 1GB 5D', 10000, 2),
(459, 430, 142, 'Sp IM3 2GB', 9000, 1),
(460, 431, 140, 'V TELKOMSEL 2,5GB', 15000, 1),
(461, 432, 141, 'V TELKOMSEL 3,5GB', 25000, 1),
(462, 433, 14, 'TG SAM A10S', 10000, 1),
(463, 434, 151, 'V XL 11GB', 40000, 1),
(464, 435, 176, 'V IM3 1,5GB 5D', 11000, 1),
(465, 436, 174, 'V IM3 3GB', 20000, 1),
(466, 436, 176, 'V IM3 1,5GB 5D', 11000, 1),
(467, 437, 140, 'V TELKOMSEL 2,5GB', 15000, 1),
(468, 438, 173, 'V AXIS 1GB 5D', 10000, 1),
(469, 439, 174, 'V IM3 3GB', 20000, 1),
(470, 440, 198, 'V AXIS 3GB 15D', 23000, 1),
(471, 440, 150, 'V XL 6GB', 30000, 1),
(472, 441, 150, 'V XL 6GB', 30000, 1),
(473, 442, 151, 'V XL 11GB', 40000, 1),
(474, 443, 150, 'V XL 6GB', 30000, 1),
(475, 444, 150, 'V XL 6GB', 30000, 1),
(476, 445, 198, 'V AXIS 3GB 15D', 23000, 1),
(477, 446, 149, 'V XL 1GB', 11500, 1),
(478, 447, 140, 'V TELKOMSEL 2,5GB', 15000, 1),
(479, 448, 177, 'V TELKOMSEL 8 GB', 60000, 2),
(480, 449, 151, 'V XL 11GB', 40000, 1),
(481, 450, 150, 'V XL 6GB', 30000, 1),
(482, 451, 87, 'KABEL ROBOT RBM100', 15000, 1),
(483, 452, 174, 'V IM3 3GB', 20000, 1),
(484, 453, 140, 'V TELKOMSEL 2,5GB', 15000, 2),
(485, 454, 176, 'V IM3 1,5GB 5D', 11000, 1),
(486, 455, 166, 'SP SMART UNLI LITE', 60000, 2),
(487, 455, 108, 'MMC V-GEN 32GB (CLAS 10)', 85000, 1),
(488, 456, 173, 'V AXIS 1GB 5D', 10000, 1),
(489, 457, 141, 'V TELKOMSEL 3,5GB', 25000, 1),
(490, 458, 141, 'V TELKOMSEL 3,5GB', 25000, 1),
(491, 459, 141, 'V TELKOMSEL 3,5GB', 25000, 1),
(492, 460, 174, 'V IM3 3GB', 20000, 1),
(493, 461, 173, 'V AXIS 1GB 5D', 10000, 1),
(494, 462, 140, 'V TELKOMSEL 2,5GB', 15000, 1),
(495, 463, 176, 'V IM3 1,5GB 5D', 11000, 1),
(496, 464, 174, 'V IM3 3GB', 20000, 1),
(497, 466, 176, 'V IM3 1,5GB 5D', 11000, 1),
(498, 468, 171, 'V TELKOMSEL 1,5GB', 11000, 1),
(499, 468, 139, 'Sp Telkomsel 5GB', 21000, 1),
(500, 469, 168, 'V smart 6GB unl Nonstop', 30000, 1),
(501, 469, 174, 'V IM3 3GB', 20000, 3),
(502, 469, 150, 'V XL 6GB', 30000, 3),
(503, 469, 175, 'V IM3 10GB', 40000, 2),
(504, 469, 198, 'V AXIS 3GB 15D', 23000, 1),
(505, 469, 172, 'V XL 21GB', 65000, 1),
(506, 469, 176, 'V IM3 1,5GB 5D', 11000, 1),
(507, 469, 173, 'V AXIS 1GB 5D', 10000, 2),
(508, 470, 173, 'V AXIS 1GB 5D', 10000, 1),
(509, 471, 174, 'V IM3 3GB', 20000, 2),
(510, 471, 140, 'V TELKOMSEL 2,5GB', 15000, 2),
(511, 471, 152, 'Sp Axis 3GB', 15000, 1),
(512, 471, 141, 'V TELKOMSEL 3,5GB', 25000, 1),
(513, 471, 160, 'V TRI 3GB', 21000, 1),
(514, 471, 148, 'SP XL 6GB', 30000, 1),
(515, 471, 173, 'V AXIS 1GB 5D', 10000, 1),
(516, 471, 175, 'V IM3 10GB', 40000, 1),
(517, 472, 181, 'HF ORI SAMSUNG', 15000, 1),
(518, 472, 199, 'TC BRAND FT', 25000, 2),
(519, 472, 151, 'V XL 11GB', 40000, 2),
(520, 473, 140, 'V TELKOMSEL 2,5GB', 15000, 1),
(521, 474, 171, 'V TELKOMSEL 1,5GB', 11000, 1),
(522, 474, 177, 'V TELKOMSEL 8 GB', 60000, 1),
(523, 475, 151, 'V XL 11GB', 40000, 3),
(524, 475, 141, 'V TELKOMSEL 3,5GB', 25000, 1),
(525, 475, 173, 'V AXIS 1GB 5D', 10000, 3),
(526, 475, 147, 'V IM3 7GB unli', 85000, 1),
(527, 475, 177, 'V TELKOMSEL 8 GB', 60000, 2),
(528, 475, 140, 'V TELKOMSEL 2,5GB', 15000, 5),
(529, 476, 191, 'BATOK FOOME CC17', 25000, 1),
(530, 476, 199, 'TC BRAND FT', 25000, 1),
(531, 476, 114, 'HF MACARON U19', 25000, 1),
(532, 477, 152, 'Sp Axis 3GB', 15000, 1),
(533, 477, 175, 'V IM3 10GB', 40000, 1),
(534, 477, 150, 'V XL 6GB', 30000, 2),
(535, 477, 151, 'V XL 11GB', 40000, 2),
(536, 477, 174, 'V IM3 3GB', 20000, 2),
(537, 477, 176, 'V IM3 1,5GB 5D', 11000, 1),
(538, 477, 171, 'V TELKOMSEL 1,5GB', 11000, 1),
(539, 478, 140, 'V TELKOMSEL 2,5GB', 15000, 2),
(540, 478, 173, 'V AXIS 1GB 5D', 10000, 1),
(541, 478, 52, 'TG REDMI NOTE 3', 10000, 1),
(542, 479, 173, 'V AXIS 1GB 5D', 10000, 1),
(543, 479, 150, 'V XL 6GB', 30000, 2),
(544, 479, 151, 'V XL 11GB', 40000, 2),
(545, 479, 176, 'V IM3 1,5GB 5D', 11000, 3),
(546, 479, 140, 'V TELKOMSEL 2,5GB', 15000, 1),
(547, 479, 171, 'V TELKOMSEL 1,5GB', 11000, 1),
(548, 480, 146, 'V IM3 6GB', 29000, 1),
(549, 480, 151, 'V XL 11GB', 40000, 1),
(550, 480, 150, 'V XL 6GB', 30000, 3),
(551, 480, 174, 'V IM3 3GB', 20000, 1),
(552, 480, 182, 'V IM3 3 GB UNL', 62000, 1),
(553, 480, 198, 'V AXIS 3GB 15D', 23000, 1),
(554, 480, 173, 'V AXIS 1GB 5D', 10000, 2),
(555, 480, 140, 'V TELKOMSEL 2,5GB', 15000, 5),
(556, 481, 114, 'HF MACARON U19', 25000, 1),
(557, 481, 139, 'SP TELKOMSEL 5GB', 21000, 1),
(558, 481, 141, 'V TELKOMSEL 3,5GB', 25000, 1),
(559, 482, 173, 'V AXIS 1GB 5D', 10000, 1),
(560, 482, 195, 'V SMART UNLI 7 HARI', 23000, 1),
(561, 482, 171, 'V TELKOMSEL 1,5GB', 11000, 1),
(562, 482, 174, 'V IM3 3GB', 20000, 2),
(563, 482, 175, 'V IM3 10GB', 40000, 1),
(564, 482, 141, 'V TELKOMSEL 3,5GB', 25000, 1),
(565, 482, 158, 'Sp tri 1GB', 8000, 1),
(566, 482, 150, 'V XL 6GB', 30000, 2),
(567, 483, 174, 'V IM3 3GB', 20000, 3),
(568, 483, 165, 'SP SMART 10GB', 32000, 1),
(569, 483, 140, 'V TELKOMSEL 2,5GB', 15000, 1),
(570, 483, 172, 'V XL 21GB', 65000, 2),
(571, 484, 147, 'V IM3 7GB unli', 85000, 1),
(572, 484, 151, 'V XL 11GB', 40000, 2),
(573, 484, 173, 'V AXIS 1GB 5D', 10000, 2),
(574, 484, 160, 'V TRI 3GB', 21000, 1),
(575, 484, 174, 'V IM3 3GB', 20000, 3),
(576, 484, 140, 'V TELKOMSEL 2,5GB', 15000, 3),
(577, 484, 171, 'V TELKOMSEL 1,5GB', 11000, 1),
(578, 485, 55, 'TG OPPO A71', 10000, 1),
(579, 485, 14, 'TG SAM A10S', 10000, 1),
(580, 486, 150, 'V XL 6GB', 30000, 1),
(581, 486, 172, 'V XL 21GB', 65000, 1),
(582, 486, 174, 'V IM3 3GB', 20000, 1),
(583, 486, 140, 'V TELKOMSEL 2,5GB', 15000, 2),
(584, 486, 173, 'V AXIS 1GB 5D', 10000, 1),
(585, 486, 141, 'V TELKOMSEL 3,5GB', 25000, 1),
(586, 486, 176, 'V IM3 1,5GB 5D', 11000, 1),
(587, 488, 150, 'V XL 6GB', 30000, 1),
(588, 488, 195, 'V SMART UNLI 7 HARI', 23000, 1),
(589, 488, 173, 'V AXIS 1GB 5D', 10000, 2),
(590, 488, 174, 'V IM3 3GB', 20000, 1),
(591, 488, 176, 'V IM3 1,5GB 5D', 11000, 3),
(592, 488, 140, 'V TELKOMSEL 2,5GB', 15000, 2),
(593, 488, 171, 'V TELKOMSEL 1,5GB', 11000, 1),
(594, 488, 141, 'V TELKOMSEL 3,5GB', 25000, 1),
(595, 489, 168, 'V smart 6GB unl Nonstop', 30000, 1),
(596, 489, 155, 'V AXIS 2GB 30D', 24000, 1),
(597, 489, 160, 'V TRI 3GB', 21000, 1),
(598, 491, 163, 'SP SMART 5GB', 20000, 1),
(599, 491, 171, 'V TELKOMSEL 1,5GB', 11000, 1),
(600, 491, 198, 'V AXIS 3GB 15D', 23000, 1),
(601, 491, 173, 'V AXIS 1GB 5D', 10000, 1),
(602, 491, 176, 'V IM3 1,5GB 5D', 11000, 3),
(603, 491, 174, 'V IM3 3GB', 20000, 2),
(604, 493, 151, 'V XL 11GB', 40000, 1),
(605, 494, 173, 'V AXIS 1GB 5D', 10000, 1),
(606, 494, 163, 'SP SMART 5GB', 20000, 1),
(607, 494, 195, 'V SMART UNLI 7 HARI', 23000, 1),
(608, 495, 141, 'V TELKOMSEL 3,5GB', 25000, 1),
(609, 495, 173, 'V AXIS 1GB 5D', 10000, 3),
(610, 495, 174, 'V IM3 3GB', 20000, 2),
(611, 495, 175, 'V IM3 10GB', 40000, 2),
(612, 495, 148, 'SP XL 6GB', 30000, 1),
(613, 495, 172, 'V XL 21GB', 65000, 2),
(614, 495, 150, 'V XL 6GB', 30000, 3),
(615, 495, 176, 'V IM3 1,5GB 5D', 11000, 1),
(616, 496, 130, 'TG REDMI 5A', 10000, 1),
(617, 496, 160, 'V TRI 3GB', 21000, 1),
(618, 497, 140, 'V TELKOMSEL 2,5GB', 15000, 2),
(619, 497, 141, 'V TELKOMSEL 3,5GB', 25000, 1),
(620, 497, 171, 'V TELKOMSEL 1,5GB', 11000, 2),
(621, 497, 174, 'V IM3 3GB', 20000, 1),
(622, 497, 150, 'V XL 6GB', 30000, 3),
(623, 497, 173, 'V AXIS 1GB 5D', 10000, 1),
(624, 498, 172, 'V XL 21GB', 65000, 1),
(625, 499, 140, 'V TELKOMSEL 2,5GB', 15000, 1),
(626, 500, 171, 'V TELKOMSEL 1,5GB', 11000, 1),
(627, 501, 168, 'V smart 6GB unl Nonstop', 30000, 1),
(628, 502, 176, 'V IM3 1,5GB 5D', 11000, 1),
(629, 503, 140, 'V TELKOMSEL 2,5GB', 15000, 1),
(630, 504, 174, 'V IM3 3GB', 20000, 1),
(631, 505, 140, 'V TELKOMSEL 2,5GB', 15000, 1),
(632, 506, 174, 'V IM3 3GB', 20000, 1),
(633, 508, 140, 'V TELKOMSEL 2,5GB', 15000, 1),
(634, 508, 174, 'V IM3 3GB', 20000, 1),
(635, 509, 150, 'V XL 6GB', 30000, 1),
(636, 510, 140, 'V TELKOMSEL 2,5GB', 15000, 1),
(637, 510, 146, 'V IM3 6GB', 29000, 1),
(638, 511, 176, 'V IM3 1,5GB 5D', 11000, 1),
(639, 511, 173, 'V AXIS 1GB 5D', 10000, 2),
(640, 512, 173, 'V AXIS 1GB 5D', 10000, 1),
(641, 513, 150, 'V XL 6GB', 30000, 1),
(642, 514, 141, 'V TELKOMSEL 3,5GB', 25000, 1),
(643, 515, 174, 'V IM3 3GB', 20000, 1),
(644, 515, 140, 'V TELKOMSEL 2,5GB', 15000, 1),
(645, 515, 139, 'SP TELKOMSEL 5GB', 21000, 1),
(646, 516, 167, 'V SMART 2,5GB', 10000, 1),
(647, 517, 198, 'V AXIS 3GB 15D', 23000, 1),
(648, 518, 173, 'V AXIS 1GB 5D', 10000, 1),
(649, 520, 140, 'V TELKOMSEL 2,5GB', 15000, 1),
(650, 522, 146, 'V IM3 6GB', 29000, 1),
(651, 523, 152, 'Sp Axis 3GB', 15000, 1),
(652, 523, 151, 'V XL 11GB', 40000, 1),
(653, 524, 176, 'V IM3 1,5GB 5D', 11000, 1),
(654, 526, 160, 'V TRI 3GB', 21000, 1),
(655, 526, 173, 'V AXIS 1GB 5D', 10000, 1),
(656, 527, 41, 'TG VIVO Y91C', 10000, 1),
(657, 528, 140, 'V TELKOMSEL 2,5GB', 15000, 1),
(658, 528, 176, 'V IM3 1,5GB 5D', 11000, 1),
(659, 528, 174, 'V IM3 3GB', 20000, 1),
(660, 528, 150, 'V XL 6GB', 30000, 1),
(661, 528, 148, 'SP XL 6GB', 30000, 1),
(662, 529, 151, 'V XL 11GB', 40000, 1),
(663, 531, 87, 'KABEL ROBOT RBM100', 15000, 1),
(664, 532, 150, 'V XL 6GB', 30000, 1),
(665, 533, 174, 'V IM3 3GB', 20000, 1),
(666, 533, 176, 'V IM3 1,5GB 5D', 11000, 1),
(667, 534, 167, 'V SMART 2,5GB', 10000, 1),
(668, 534, 146, 'V IM3 6GB', 29000, 1),
(669, 534, 174, 'V IM3 3GB', 20000, 1),
(670, 534, 181, 'HF ORI SAMSUNG', 15000, 1),
(671, 534, 173, 'V AXIS 1GB 5D', 10000, 1),
(672, 535, 150, 'V XL 6GB', 30000, 1),
(673, 536, 174, 'V IM3 3GB', 20000, 1),
(674, 537, 140, 'V TELKOMSEL 2,5GB', 15000, 3),
(675, 537, 141, 'V TELKOMSEL 3,5GB', 25000, 2),
(676, 537, 169, 'V smart 30GB', 72000, 2),
(677, 537, 174, 'V IM3 3GB', 20000, 1),
(678, 537, 151, 'V XL 11GB', 40000, 1),
(679, 537, 150, 'V XL 6GB', 30000, 1),
(680, 538, 191, 'BATOK FOOME CC17', 25000, 1),
(681, 539, 88, 'KABEL VIVAN CSM100 NEW', 25000, 1),
(682, 540, 151, 'V XL 11GB', 40000, 1),
(683, 541, 173, 'V AXIS 1GB 5D', 10000, 1),
(684, 542, 140, 'V TELKOMSEL 2,5GB', 15000, 1),
(685, 543, 173, 'V AXIS 1GB 5D', 10000, 1),
(686, 544, 173, 'V AXIS 1GB 5D', 10000, 1),
(687, 545, 150, 'V XL 6GB', 30000, 1),
(688, 546, 173, 'V AXIS 1GB 5D', 10000, 1),
(689, 547, 140, 'V TELKOMSEL 2,5GB', 15000, 1),
(690, 548, 174, 'V IM3 3GB', 20000, 1),
(691, 549, 140, 'V TELKOMSEL 2,5GB', 15000, 1),
(692, 550, 140, 'V TELKOMSEL 2,5GB', 15000, 1),
(693, 551, 171, 'V TELKOMSEL 1,5GB', 11000, 1),
(694, 552, 150, 'V XL 6GB', 30000, 1),
(695, 552, 151, 'V XL 11GB', 40000, 1),
(696, 553, 151, 'V XL 11GB', 40000, 1),
(697, 553, 175, 'V IM3 10GB', 40000, 1),
(698, 554, 103, 'HF BLUETOOTH KALUNG PINZY B7', 49000, 1),
(699, 554, 142, 'Sp IM3 2GB', 9000, 1),
(700, 555, 176, 'V IM3 1,5GB 5D', 11000, 1),
(701, 556, 171, 'V TELKOMSEL 1,5GB', 11000, 1),
(702, 557, 173, 'V AXIS 1GB 5D', 10000, 1),
(703, 558, 151, 'V XL 11GB', 40000, 1),
(704, 559, 174, 'V IM3 3GB', 20000, 1),
(705, 560, 174, 'V IM3 3GB', 20000, 1),
(706, 562, 141, 'V TELKOMSEL 3,5GB', 25000, 1),
(707, 562, 174, 'V IM3 3GB', 20000, 1),
(708, 563, 150, 'V XL 6GB', 30000, 1),
(709, 564, 198, 'V AXIS 3GB 15D', 23000, 1),
(710, 566, 151, 'V XL 11GB', 40000, 1),
(711, 567, 141, 'V TELKOMSEL 3,5GB', 25000, 2),
(712, 567, 88, 'KABEL VIVAN CSM100 NEW', 25000, 1),
(713, 568, 105, 'HF V-GEN VEP 1-10', 25000, 1),
(714, 569, 141, 'V TELKOMSEL 3,5GB', 25000, 1),
(715, 569, 171, 'V TELKOMSEL 1,5GB', 11000, 1),
(716, 570, 175, 'V IM3 10GB', 40000, 1),
(717, 570, 174, 'V IM3 3GB', 20000, 1),
(718, 571, 150, 'V XL 6GB', 30000, 1),
(719, 572, 175, 'V IM3 10GB', 40000, 1),
(720, 573, 152, 'Sp Axis 3GB', 15000, 1),
(721, 574, 151, 'V XL 11GB', 40000, 1),
(722, 575, 151, 'V XL 11GB', 40000, 1),
(723, 576, 171, 'V TELKOMSEL 1,5GB', 11000, 1),
(724, 577, 171, 'V TELKOMSEL 1,5GB', 11000, 2),
(725, 578, 151, 'V XL 11GB', 40000, 1),
(726, 579, 173, 'V AXIS 1GB 5D', 10000, 2),
(727, 580, 160, 'V TRI 3GB', 21000, 1),
(728, 580, 174, 'V IM3 3GB', 20000, 1),
(729, 580, 173, 'V AXIS 1GB 5D', 10000, 1),
(730, 580, 151, 'V XL 11GB', 40000, 1),
(731, 580, 182, 'V IM3 3 GB UNL', 62000, 1),
(732, 581, 150, 'V XL 6GB', 30000, 10),
(733, 582, 173, 'V AXIS 1GB 5D', 10000, 1),
(734, 584, 160, 'V TRI 3GB', 21000, 1),
(735, 585, 140, 'V TELKOMSEL 2,5GB', 15000, 1),
(736, 586, 195, 'V SMART UNLI 7 HARI', 23000, 1),
(737, 587, 173, 'V AXIS 1GB 5D', 10000, 1),
(738, 588, 148, 'SP XL 6GB', 30000, 1),
(739, 589, 151, 'V XL 11GB', 40000, 2),
(740, 590, 174, 'V IM3 3GB', 20000, 1),
(741, 591, 140, 'V TELKOMSEL 2,5GB', 15000, 1),
(742, 591, 171, 'V TELKOMSEL 1,5GB', 11000, 1),
(743, 592, 150, 'V XL 6GB', 30000, 1),
(744, 593, 140, 'V TELKOMSEL 2,5GB', 15000, 1),
(745, 593, 176, 'V IM3 1,5GB 5D', 11000, 2),
(746, 593, 150, 'V XL 6GB', 30000, 1),
(747, 594, 198, 'V AXIS 3GB 15D', 23000, 1),
(748, 595, 150, 'V XL 6GB', 30000, 1),
(749, 596, 140, 'V TELKOMSEL 2,5GB', 15000, 1),
(750, 598, 174, 'V IM3 3GB', 20000, 1),
(751, 599, 173, 'V AXIS 1GB 5D', 10000, 1),
(752, 600, 176, 'V IM3 1,5GB 5D', 11000, 1),
(753, 600, 141, 'V TELKOMSEL 3,5GB', 25000, 1),
(754, 601, 174, 'V IM3 3GB', 20000, 1),
(755, 602, 151, 'V XL 11GB', 40000, 1),
(756, 603, 198, 'V AXIS 3GB 15D', 23000, 1),
(757, 604, 174, 'V IM3 3GB', 20000, 1),
(758, 605, 180, 'V TRI 6GB', 38000, 1),
(759, 605, 198, 'V AXIS 3GB 15D', 23000, 1),
(760, 605, 176, 'V IM3 1,5GB 5D', 11000, 1),
(761, 606, 109, 'MMC V-GEN 8GB', 50000, 1),
(762, 607, 150, 'V XL 6GB', 30000, 1),
(763, 608, 173, 'V AXIS 1GB 5D', 10000, 1),
(764, 609, 141, 'V TELKOMSEL 3,5GB', 25000, 1),
(765, 610, 140, 'V TELKOMSEL 2,5GB', 15000, 2),
(766, 610, 174, 'V IM3 3GB', 20000, 1),
(767, 610, 151, 'V XL 11GB', 40000, 2),
(768, 610, 176, 'V IM3 1,5GB 5D', 11000, 1),
(769, 610, 173, 'V AXIS 1GB 5D', 10000, 3),
(770, 610, 160, 'V TRI 3GB', 21000, 1),
(771, 611, 84, 'TG UNI 4,3', 10000, 1),
(772, 611, 55, 'TG OPPO A71', 10000, 1),
(773, 611, 4, 'TG VIVO Y11', 10000, 1),
(774, 611, 10, 'TG SAM A01', 10000, 1),
(775, 613, 176, 'V IM3 1,5GB 5D', 11000, 2),
(776, 613, 75, 'TG SAM J2 PRIME', 10000, 1),
(777, 613, 140, 'V TELKOMSEL 2,5GB', 15000, 1),
(778, 613, 171, 'V TELKOMSEL 1,5GB', 11000, 2),
(779, 613, 198, 'V AXIS 3GB 15D', 23000, 1),
(780, 613, 150, 'V XL 6GB', 30000, 1),
(781, 614, 119, 'TC BRANDED 2A', 25000, 1),
(782, 615, 151, 'V XL 11GB', 40000, 1),
(783, 616, 173, 'V AXIS 1GB 5D', 10000, 1),
(784, 617, 155, 'V AXIS 2GB 30D', 24000, 1),
(785, 618, 173, 'V AXIS 1GB 5D', 10000, 1),
(786, 619, 174, 'V IM3 3GB', 20000, 1),
(787, 620, 176, 'V IM3 1,5GB 5D', 11000, 1),
(788, 622, 174, 'V IM3 3GB', 20000, 1),
(789, 623, 138, 'Sp as reguler', 11000, 1),
(790, 624, 150, 'V XL 6GB', 30000, 1),
(791, 625, 214, 'TG PREMIUM REALME 5 PRO', 15000, 1),
(792, 625, 176, 'V IM3 1,5GB 5D', 11000, 1),
(793, 625, 141, 'V TELKOMSEL 3,5GB', 25000, 1),
(794, 626, 140, 'V TELKOMSEL 2,5GB', 15000, 1),
(795, 626, 160, 'V TRI 3GB', 21000, 1),
(796, 626, 173, 'V AXIS 1GB 5D', 10000, 1),
(797, 626, 150, 'V XL 6GB', 30000, 2),
(798, 627, 195, 'V SMART UNLI 7 HARI', 23000, 1),
(799, 628, 173, 'V AXIS 1GB 5D', 10000, 1),
(800, 629, 140, 'V TELKOMSEL 2,5GB', 15000, 1),
(801, 629, 174, 'V IM3 3GB', 20000, 1),
(802, 630, 174, 'V IM3 3GB', 20000, 1),
(803, 630, 151, 'V XL 11GB', 40000, 1),
(804, 631, 151, 'V XL 11GB', 40000, 1),
(805, 631, 150, 'V XL 6GB', 30000, 2),
(806, 632, 173, 'V AXIS 1GB 5D', 10000, 2),
(807, 633, 174, 'V IM3 3GB', 20000, 1),
(808, 634, 176, 'V IM3 1,5GB 5D', 11000, 1),
(809, 634, 141, 'V TELKOMSEL 3,5GB', 25000, 1),
(810, 634, 173, 'V AXIS 1GB 5D', 10000, 2),
(811, 635, 151, 'V XL 11GB', 40000, 1),
(812, 636, 173, 'V AXIS 1GB 5D', 10000, 1),
(813, 637, 176, 'V IM3 1,5GB 5D', 11000, 1),
(814, 637, 150, 'V XL 6GB', 30000, 1),
(815, 638, 198, 'V AXIS 3GB 15D', 23000, 1),
(816, 638, 145, 'Sp IM3 10GB', 35000, 1),
(817, 639, 140, 'V TELKOMSEL 2,5GB', 15000, 1),
(818, 640, 171, 'V TELKOMSEL 1,5GB', 11000, 1),
(819, 640, 140, 'V TELKOMSEL 2,5GB', 15000, 1),
(820, 641, 140, 'V TELKOMSEL 2,5GB', 15000, 1),
(821, 642, 151, 'V XL 11GB', 40000, 1),
(822, 643, 173, 'V AXIS 1GB 5D', 10000, 1),
(823, 643, 141, 'V TELKOMSEL 3,5GB', 25000, 1),
(824, 644, 174, 'V IM3 3GB', 20000, 1),
(825, 645, 182, 'V IM3 3 GB UNL', 62000, 1),
(826, 646, 150, 'V XL 6GB', 30000, 1),
(827, 648, 175, 'V IM3 10GB', 40000, 1),
(828, 648, 151, 'V XL 11GB', 40000, 1),
(829, 649, 174, 'V IM3 3GB', 20000, 1),
(830, 650, 176, 'V IM3 1,5GB 5D', 11000, 1),
(831, 650, 173, 'V AXIS 1GB 5D', 10000, 1),
(832, 650, 172, 'V XL 21GB', 65000, 1),
(833, 651, 174, 'V IM3 3GB', 20000, 1),
(834, 652, 140, 'V TELKOMSEL 2,5GB', 15000, 1),
(835, 653, 174, 'V IM3 3GB', 20000, 1),
(836, 654, 173, 'V AXIS 1GB 5D', 10000, 1),
(837, 654, 150, 'V XL 6GB', 30000, 1),
(838, 655, 176, 'V IM3 1,5GB 5D', 11000, 1),
(839, 656, 140, 'V TELKOMSEL 2,5GB', 15000, 1),
(840, 657, 173, 'V AXIS 1GB 5D', 10000, 1),
(841, 658, 171, 'V TELKOMSEL 1,5GB', 11000, 1),
(842, 658, 151, 'V XL 11GB', 40000, 1),
(843, 659, 176, 'V IM3 1,5GB 5D', 11000, 1),
(844, 659, 141, 'V TELKOMSEL 3,5GB', 25000, 1),
(845, 660, 68, 'TG SAM A11 2020', 10000, 1),
(846, 661, 150, 'V XL 6GB', 30000, 1),
(847, 662, 150, 'V XL 6GB', 30000, 1),
(848, 663, 151, 'V XL 11GB', 40000, 1),
(849, 664, 171, 'V TELKOMSEL 1,5GB', 11000, 1),
(850, 666, 195, 'V SMART UNLI 7 HARI', 23000, 1),
(851, 667, 177, 'V TELKOMSEL 8 GB', 60000, 1),
(852, 668, 173, 'V AXIS 1GB 5D', 10000, 1),
(853, 668, 174, 'V IM3 3GB', 20000, 1),
(854, 669, 173, 'V AXIS 1GB 5D', 10000, 1),
(855, 670, 148, 'SP XL 6GB', 30000, 1),
(856, 671, 151, 'V XL 11GB', 40000, 1),
(857, 672, 112, 'HF HI-FI ENJOY MUSIK D21', 15000, 1),
(858, 673, 152, 'Sp Axis 3GB', 15000, 1),
(859, 674, 173, 'V AXIS 1GB 5D', 10000, 1),
(860, 675, 150, 'V XL 6GB', 30000, 1),
(861, 676, 175, 'V IM3 10GB', 40000, 1),
(862, 676, 150, 'V XL 6GB', 30000, 1),
(863, 676, 173, 'V AXIS 1GB 5D', 10000, 2),
(864, 677, 172, 'V XL 21GB', 65000, 1),
(865, 678, 151, 'V XL 11GB', 40000, 1),
(866, 679, 140, 'V TELKOMSEL 2,5GB', 15000, 1),
(867, 680, 172, 'V XL 21GB', 65000, 1),
(868, 681, 140, 'V TELKOMSEL 2,5GB', 15000, 1),
(869, 682, 174, 'V IM3 3GB', 20000, 1),
(870, 683, 174, 'V IM3 3GB', 20000, 1),
(871, 684, 140, 'V TELKOMSEL 2,5GB', 15000, 1),
(872, 685, 173, 'V AXIS 1GB 5D', 10000, 1),
(873, 686, 174, 'V IM3 3GB', 20000, 1),
(874, 687, 150, 'V XL 6GB', 30000, 1),
(875, 688, 173, 'V AXIS 1GB 5D', 10000, 2),
(876, 688, 151, 'V XL 11GB', 40000, 1),
(877, 689, 195, 'V SMART UNLI 7 HARI', 23000, 1),
(878, 690, 140, 'V TELKOMSEL 2,5GB', 15000, 1),
(879, 691, 173, 'V AXIS 1GB 5D', 10000, 1),
(880, 692, 208, 'TG OPPO A37', 10000, 1),
(881, 693, 140, 'V TELKOMSEL 2,5GB', 15000, 1),
(882, 694, 177, 'V TELKOMSEL 8 GB', 60000, 1),
(883, 695, 140, 'V TELKOMSEL 2,5GB', 15000, 1),
(884, 696, 151, 'V XL 11GB', 40000, 1),
(885, 697, 166, 'SP SMART UNLI LITE', 60000, 1),
(886, 697, 139, 'SP TELKOMSEL 5GB', 21000, 1),
(887, 698, 176, 'V IM3 1,5GB 5D', 11000, 1),
(888, 698, 182, 'V IM3 3 GB UNL', 62000, 1),
(889, 699, 174, 'V IM3 3GB', 20000, 1),
(890, 700, 173, 'V AXIS 1GB 5D', 10000, 1),
(891, 701, 138, 'Sp as reguler', 11000, 1),
(892, 701, 180, 'V TRI 6GB', 38000, 1),
(893, 702, 173, 'V AXIS 1GB 5D', 10000, 1),
(894, 703, 171, 'V TELKOMSEL 1,5GB', 11000, 1),
(895, 704, 172, 'V XL 21GB', 65000, 1),
(896, 705, 173, 'V AXIS 1GB 5D', 10000, 1),
(897, 706, 150, 'V XL 6GB', 30000, 1),
(898, 707, 172, 'V XL 21GB', 65000, 1),
(899, 708, 151, 'V XL 11GB', 40000, 1),
(900, 709, 150, 'V XL 6GB', 30000, 2),
(901, 711, 150, 'V XL 6GB', 30000, 1),
(902, 712, 151, 'V XL 11GB', 40000, 1),
(903, 712, 174, 'V IM3 3GB', 20000, 1),
(904, 713, 141, 'V TELKOMSEL 3,5GB', 25000, 1),
(905, 713, 174, 'V IM3 3GB', 20000, 1),
(906, 714, 198, 'V AXIS 3GB 15D', 23000, 1),
(907, 715, 173, 'V AXIS 1GB 5D', 10000, 1),
(908, 716, 151, 'V XL 11GB', 40000, 1),
(909, 717, 176, 'V IM3 1,5GB 5D', 11000, 1),
(910, 718, 140, 'V TELKOMSEL 2,5GB', 15000, 1),
(911, 719, 176, 'V IM3 1,5GB 5D', 11000, 1),
(912, 720, 173, 'V AXIS 1GB 5D', 10000, 1),
(913, 721, 140, 'V TELKOMSEL 2,5GB', 15000, 1),
(914, 722, 173, 'V AXIS 1GB 5D', 10000, 2),
(915, 723, 150, 'V XL 6GB', 30000, 1),
(916, 724, 140, 'V TELKOMSEL 2,5GB', 15000, 1),
(917, 725, 151, 'V XL 11GB', 40000, 1),
(918, 725, 141, 'V TELKOMSEL 3,5GB', 25000, 1),
(919, 726, 174, 'V IM3 3GB', 20000, 1),
(920, 726, 173, 'V AXIS 1GB 5D', 10000, 1),
(921, 726, 141, 'V TELKOMSEL 3,5GB', 25000, 1),
(922, 727, 173, 'V AXIS 1GB 5D', 10000, 1),
(923, 728, 140, 'V TELKOMSEL 2,5GB', 15000, 1),
(924, 729, 150, 'V XL 6GB', 30000, 1),
(925, 729, 153, 'SP AXIS 5,5GB', 23000, 1),
(926, 729, 174, 'V IM3 3GB', 20000, 1),
(927, 730, 174, 'V IM3 3GB', 20000, 1),
(928, 731, 176, 'V IM3 1,5GB 5D', 11000, 2),
(929, 731, 168, 'V smart 6GB unl Nonstop', 30000, 1),
(930, 731, 140, 'V TELKOMSEL 2,5GB', 15000, 1),
(931, 732, 114, 'HF MACARON U19', 25000, 1),
(932, 732, 148, 'SP XL 6GB', 30000, 1),
(933, 733, 174, 'V IM3 3GB', 20000, 1),
(934, 734, 174, 'V IM3 3GB', 20000, 1),
(935, 734, 182, 'V IM3 3 GB UNL', 62000, 1),
(936, 735, 151, 'V XL 11GB', 40000, 1),
(937, 736, 151, 'V XL 11GB', 40000, 1),
(938, 738, 168, 'V smart 6GB unl Nonstop', 30000, 1),
(939, 739, 173, 'V AXIS 1GB 5D', 10000, 1),
(940, 740, 173, 'V AXIS 1GB 5D', 10000, 1),
(941, 741, 166, 'SP SMART UNLI LITE', 60000, 1),
(942, 742, 138, 'Sp as reguler', 11000, 1),
(943, 743, 173, 'V AXIS 1GB 5D', 10000, 1),
(944, 744, 173, 'V AXIS 1GB 5D', 10000, 1),
(945, 744, 151, 'V XL 11GB', 40000, 1),
(946, 745, 173, 'V AXIS 1GB 5D', 10000, 1),
(947, 746, 139, 'SP TELKOMSEL 5GB', 21000, 1),
(948, 746, 172, 'V XL 21GB', 65000, 1),
(949, 747, 139, 'SP TELKOMSEL 5GB', 21000, 2),
(950, 748, 173, 'V AXIS 1GB 5D', 10000, 2),
(951, 749, 140, 'V TELKOMSEL 2,5GB', 15000, 2),
(952, 750, 139, 'SP TELKOMSEL 5GB', 21000, 1),
(953, 751, 160, 'V TRI 3GB', 21000, 1),
(954, 752, 146, 'V IM3 6GB', 29000, 1),
(955, 753, 174, 'V IM3 3GB', 20000, 1),
(956, 754, 114, 'HF MACARON U19', 25000, 1),
(957, 754, 182, 'V IM3 3 GB UNL', 62000, 1),
(958, 754, 150, 'V XL 6GB', 30000, 1),
(959, 755, 174, 'V IM3 3GB', 20000, 1),
(960, 757, 168, 'V SMART 6GB UNL NONSTOP', 30000, 1),
(961, 758, 176, 'V IM3 1,5GB 5D', 11000, 1),
(962, 758, 140, 'V TELKOMSEL 2,5GB', 15000, 1),
(963, 759, 176, 'V IM3 1,5GB 5D', 11000, 1),
(964, 759, 140, 'V TELKOMSEL 2,5GB', 15000, 1),
(965, 760, 150, 'V XL 6GB', 30000, 1),
(966, 761, 176, 'V IM3 1,5GB 5D', 11000, 1),
(967, 762, 160, 'V TRI 3GB', 21000, 1),
(968, 763, 140, 'V TELKOMSEL 2,5GB', 15000, 1),
(969, 764, 176, 'V IM3 1,5GB 5D', 11000, 1),
(970, 765, 198, 'V AXIS 3GB 15D', 23000, 1),
(971, 765, 150, 'V XL 6GB', 30000, 1),
(972, 766, 180, 'V TRI 6GB', 38000, 1),
(973, 767, 176, 'V IM3 1,5GB 5D', 11000, 1),
(974, 768, 173, 'V AXIS 1GB 5D', 10000, 1),
(975, 769, 176, 'V IM3 1,5GB 5D', 11000, 1),
(976, 769, 51, 'TG REDMI 3', 10000, 1),
(977, 770, 142, 'Sp IM3 2GB', 9000, 1),
(978, 771, 173, 'V AXIS 1GB 5D', 10000, 1),
(979, 771, 174, 'V IM3 3GB', 20000, 1),
(980, 772, 173, 'V AXIS 1GB 5D', 10000, 1),
(981, 773, 174, 'V IM3 3GB', 20000, 1),
(982, 773, 110, 'FD PINZY+OTG 32GB', 97500, 1),
(983, 774, 176, 'V IM3 1,5GB 5D', 11000, 1),
(984, 775, 171, 'V TELKOMSEL 1,5GB', 11000, 2),
(985, 776, 40, 'TG VIVO Y91', 10000, 1),
(986, 777, 176, 'V IM3 1,5GB 5D', 11000, 1),
(987, 777, 150, 'V XL 6GB', 30000, 1),
(988, 778, 140, 'V TELKOMSEL 2,5GB', 15000, 1),
(989, 779, 141, 'V TELKOMSEL 3,5GB', 25000, 1),
(990, 780, 176, 'V IM3 1,5GB 5D', 11000, 1),
(991, 781, 150, 'V XL 6GB', 30000, 1),
(992, 782, 173, 'V AXIS 1GB 5D', 10000, 1),
(993, 782, 168, 'V SMART 6GB UNL NONSTOP', 30000, 1),
(994, 782, 174, 'V IM3 3GB', 20000, 2),
(995, 783, 172, 'V XL 21GB', 65000, 1),
(996, 784, 140, 'V TELKOMSEL 2,5GB', 15000, 1),
(997, 784, 160, 'V TRI 3GB', 21000, 1),
(998, 784, 176, 'V IM3 1,5GB 5D', 11000, 3),
(999, 784, 173, 'V AXIS 1GB 5D', 10000, 2),
(1000, 785, 195, 'V SMART UNLI 7 HARI', 23000, 1),
(1001, 785, 151, 'V XL 11GB', 40000, 1),
(1002, 786, 152, 'Sp Axis 3GB', 15000, 1),
(1003, 786, 151, 'V XL 11GB', 40000, 1),
(1004, 787, 172, 'V XL 21GB', 65000, 1),
(1005, 788, 173, 'V AXIS 1GB 5D', 10000, 1),
(1006, 789, 146, 'V IM3 6GB', 29000, 1),
(1007, 789, 151, 'V XL 11GB', 40000, 1),
(1008, 790, 146, 'V IM3 6GB', 29000, 1),
(1009, 791, 151, 'V XL 11GB', 40000, 1),
(1010, 791, 150, 'V XL 6GB', 30000, 1),
(1011, 792, 140, 'V TELKOMSEL 2,5GB', 15000, 1),
(1012, 793, 140, 'V TELKOMSEL 2,5GB', 15000, 1),
(1013, 794, 53, 'TG OPPO A5 2020', 10000, 1),
(1014, 794, 195, 'V SMART UNLI 7 HARI', 23000, 1),
(1015, 794, 150, 'V XL 6GB', 30000, 1),
(1016, 795, 173, 'V AXIS 1GB 5D', 10000, 1),
(1017, 795, 172, 'V XL 21GB', 65000, 1),
(1018, 797, 173, 'V AXIS 1GB 5D', 10000, 1),
(1019, 798, 173, 'V AXIS 1GB 5D', 10000, 2),
(1020, 799, 182, 'V IM3 3 GB UNL', 62000, 1),
(1021, 800, 151, 'V XL 11GB', 40000, 1),
(1022, 801, 140, 'V TELKOMSEL 2,5GB', 15000, 1),
(1023, 802, 176, 'V IM3 1,5GB 5D', 11000, 1),
(1024, 803, 177, 'V TELKOMSEL 8 GB', 60000, 1),
(1025, 804, 173, 'V AXIS 1GB 5D', 10000, 1),
(1026, 805, 141, 'V TELKOMSEL 3,5GB', 25000, 1),
(1027, 806, 168, 'V SMART 6GB UNL NONSTOP', 30000, 1),
(1028, 807, 151, 'V XL 11GB', 40000, 1),
(1029, 808, 146, 'V IM3 6GB', 29000, 1),
(1030, 808, 176, 'V IM3 1,5GB 5D', 11000, 1),
(1031, 809, 171, 'V TELKOMSEL 1,5GB', 11000, 1),
(1032, 810, 141, 'V TELKOMSEL 3,5GB', 25000, 1),
(1033, 811, 140, 'V TELKOMSEL 2,5GB', 15000, 1),
(1034, 812, 151, 'V XL 11GB', 40000, 1),
(1035, 813, 174, 'V IM3 3GB', 20000, 1),
(1037, 815, 150, 'V XL 6GB', 30000, 1),
(1038, 816, 139, 'SP TELKOMSEL 5GB', 21000, 2),
(1039, 816, 142, 'Sp IM3 2GB', 9000, 1),
(1040, 816, 143, 'Sp IM3 3GB', 15000, 1),
(1041, 817, 195, 'V SMART UNLI 7 HARI', 23000, 1),
(1042, 818, 173, 'V AXIS 1GB 5D', 10000, 2),
(1043, 818, 150, 'V XL 6GB', 30000, 1),
(1044, 820, 151, 'V XL 11GB', 40000, 1),
(1045, 821, 150, 'V XL 6GB', 30000, 1),
(1046, 822, 140, 'V TELKOMSEL 2,5GB', 15000, 1),
(1047, 823, 174, 'V IM3 3GB', 20000, 1),
(1048, 824, 146, 'V IM3 6GB', 29000, 1),
(1049, 825, 176, 'V IM3 1,5GB 5D', 11000, 1),
(1050, 826, 171, 'V TELKOMSEL 1,5GB', 11000, 1),
(1051, 827, 177, 'V TELKOMSEL 8 GB', 60000, 1),
(1052, 828, 176, 'V IM3 1,5GB 5D', 11000, 1),
(1053, 829, 198, 'V AXIS 3GB 15D', 23000, 1),
(1054, 830, 195, 'V SMART UNLI 7 HARI', 23000, 1),
(1055, 831, 151, 'V XL 11GB', 40000, 1),
(1056, 832, 176, 'V IM3 1,5GB 5D', 11000, 0),
(1057, 833, 176, 'V IM3 1,5GB 5D', 11000, 1),
(1058, 835, 174, 'V IM3 3GB', 20000, 1),
(1059, 836, 173, 'V AXIS 1GB 5D', 10000, 1),
(1060, 837, 173, 'V AXIS 1GB 5D', 10000, 1),
(1061, 838, 198, 'V AXIS 3GB 15D', 23000, 1),
(1062, 839, 176, 'V IM3 1,5GB 5D', 11000, 1),
(1063, 840, 140, 'V TELKOMSEL 2,5GB', 15000, 1),
(1064, 841, 174, 'V IM3 3GB', 20000, 1),
(1065, 842, 174, 'V IM3 3GB', 20000, 1),
(1066, 843, 150, 'V XL 6GB', 30000, 1),
(1067, 845, 146, 'V IM3 6GB', 29000, 1),
(1068, 846, 173, 'V AXIS 1GB 5D', 10000, 1),
(1069, 847, 174, 'V IM3 3GB', 20000, 1),
(1070, 847, 148, 'SP XL 6GB', 30000, 1),
(1071, 848, 140, 'V TELKOMSEL 2,5GB', 15000, 1),
(1072, 849, 168, 'V SMART 6GB UNL NONSTOP', 30000, 1),
(1073, 849, 150, 'V XL 6GB', 30000, 1),
(1074, 850, 173, 'V AXIS 1GB 5D', 10000, 1),
(1075, 850, 171, 'V TELKOMSEL 1,5GB', 11000, 1),
(1076, 850, 155, 'V AXIS 2GB 30D', 24000, 1),
(1077, 851, 45, 'TG REDMI 6A', 10000, 1),
(1078, 852, 140, 'V TELKOMSEL 2,5GB', 15000, 1),
(1079, 852, 150, 'V XL 6GB', 30000, 1),
(1080, 853, 173, 'V AXIS 1GB 5D', 10000, 1),
(1081, 854, 173, 'V AXIS 1GB 5D', 10000, 1),
(1082, 855, 168, 'V SMART 6GB UNL NONSTOP', 30000, 1),
(1083, 856, 176, 'V IM3 1,5GB 5D', 11000, 1),
(1084, 857, 176, 'V IM3 1,5GB 5D', 11000, 1),
(1085, 858, 172, 'V XL 21GB', 65000, 1),
(1086, 859, 146, 'V IM3 6GB', 29000, 1),
(1087, 860, 173, 'V AXIS 1GB 5D', 10000, 1),
(1088, 861, 150, 'V XL 6GB', 30000, 1),
(1089, 862, 176, 'V IM3 1,5GB 5D', 11000, 1),
(1090, 863, 171, 'V TELKOMSEL 1,5GB', 11000, 1),
(1091, 863, 176, 'V IM3 1,5GB 5D', 11000, 2),
(1092, 863, 173, 'V AXIS 1GB 5D', 10000, 3),
(1093, 864, 142, 'Sp IM3 2GB', 9000, 1),
(1094, 865, 140, 'V TELKOMSEL 2,5GB', 15000, 1),
(1095, 865, 155, 'V AXIS 2GB 30D', 24000, 1),
(1096, 866, 172, 'V XL 21GB', 65000, 1),
(1097, 867, 150, 'V XL 6GB', 30000, 1),
(1098, 868, 150, 'V XL 6GB', 30000, 1),
(1099, 868, 175, 'V IM3 10GB', 40000, 1),
(1100, 869, 176, 'V IM3 1,5GB 5D', 11000, 1),
(1101, 870, 140, 'V TELKOMSEL 2,5GB', 15000, 1),
(1102, 871, 155, 'V AXIS 2GB 30D', 24000, 1),
(1103, 872, 173, 'V AXIS 1GB 5D', 10000, 1),
(1104, 873, 140, 'V TELKOMSEL 2,5GB', 15000, 1),
(1105, 874, 176, 'V IM3 1,5GB 5D', 11000, 1),
(1106, 875, 175, 'V IM3 10GB', 40000, 1),
(1107, 875, 150, 'V XL 6GB', 30000, 1),
(1108, 876, 151, 'V XL 11GB', 40000, 1),
(1109, 877, 150, 'V XL 6GB', 30000, 1),
(1110, 878, 151, 'V XL 11GB', 40000, 1),
(1111, 879, 155, 'V AXIS 2GB 30D', 24000, 1),
(1112, 880, 150, 'V XL 6GB', 30000, 1),
(1113, 881, 174, 'V IM3 3GB', 20000, 1),
(1114, 882, 176, 'V IM3 1,5GB 5D', 11000, 1),
(1115, 883, 114, 'HF MACARON U19', 25000, 1),
(1116, 883, 172, 'V XL 21GB', 65000, 1),
(1117, 883, 171, 'V TELKOMSEL 1,5GB', 11000, 1),
(1118, 884, 151, 'V XL 11GB', 40000, 1),
(1119, 885, 173, 'V AXIS 1GB 5D', 10000, 1),
(1120, 886, 173, 'V AXIS 1GB 5D', 10000, 1),
(1121, 887, 195, 'V SMART UNLI 7 HARI', 23000, 1),
(1122, 889, 140, 'V TELKOMSEL 2,5GB', 15000, 1),
(1123, 890, 173, 'V AXIS 1GB 5D', 10000, 3),
(1124, 891, 174, 'V IM3 3GB', 20000, 1),
(1125, 892, 176, 'V IM3 1,5GB 5D', 11000, 3),
(1126, 893, 175, 'V IM3 10GB', 40000, 1),
(1127, 894, 174, 'V IM3 3GB', 20000, 1),
(1128, 894, 151, 'V XL 11GB', 40000, 1),
(1129, 895, 173, 'V AXIS 1GB 5D', 10000, 1),
(1130, 896, 151, 'V XL 11GB', 40000, 1),
(1131, 897, 174, 'V IM3 3GB', 20000, 1),
(1132, 897, 146, 'V IM3 6GB', 29000, 1),
(1133, 898, 145, 'Sp IM3 10GB', 35000, 1),
(1134, 899, 174, 'V IM3 3GB', 20000, 1),
(1135, 900, 173, 'V AXIS 1GB 5D', 10000, 1),
(1136, 901, 173, 'V AXIS 1GB 5D', 10000, 1),
(1137, 902, 146, 'V IM3 6GB', 29000, 1),
(1138, 902, 150, 'V XL 6GB', 30000, 1),
(1139, 903, 172, 'V XL 21GB', 65000, 1),
(1140, 904, 173, 'V AXIS 1GB 5D', 10000, 1),
(1141, 905, 173, 'V AXIS 1GB 5D', 10000, 2),
(1142, 906, 150, 'V XL 6GB', 30000, 1),
(1143, 907, 167, 'V SMART 2,5GB', 10000, 1),
(1144, 908, 150, 'V XL 6GB', 30000, 1),
(1145, 909, 176, 'V IM3 1,5GB 5D', 11000, 2),
(1146, 910, 151, 'V XL 11GB', 40000, 1),
(1147, 911, 146, 'V IM3 6GB', 29000, 1),
(1148, 912, 150, 'V XL 6GB', 30000, 1),
(1149, 913, 140, 'V TELKOMSEL 2,5GB', 15000, 1),
(1150, 913, 150, 'V XL 6GB', 30000, 1),
(1151, 914, 173, 'V AXIS 1GB 5D', 10000, 1),
(1152, 915, 173, 'V AXIS 1GB 5D', 10000, 1),
(1153, 916, 150, 'V XL 6GB', 30000, 1),
(1154, 917, 150, 'V XL 6GB', 30000, 1),
(1155, 918, 182, 'V IM3 3 GB UNL', 62000, 2),
(1156, 919, 155, 'V AXIS 2GB 30D', 24000, 1),
(1157, 920, 198, 'V AXIS 3GB 15D', 23000, 1),
(1158, 921, 176, 'V IM3 1,5GB 5D', 11000, 1),
(1159, 922, 174, 'V IM3 3GB', 20000, 1),
(1160, 923, 143, 'Sp IM3 3GB', 15000, 1),
(1161, 924, 172, 'V XL 21GB', 65000, 1),
(1162, 925, 140, 'V TELKOMSEL 2,5GB', 15000, 1),
(1163, 926, 148, 'SP XL 6GB', 30000, 1),
(1164, 927, 148, 'SP XL 6GB', 30000, 1),
(1165, 928, 197, 'HF MACARON U35', 30000, 1),
(1166, 928, 195, 'V SMART UNLI 7 HARI', 23000, 1),
(1167, 929, 150, 'V XL 6GB', 30000, 1),
(1168, 930, 173, 'V AXIS 1GB 5D', 10000, 1),
(1169, 930, 177, 'V TELKOMSEL 8 GB', 60000, 1),
(1170, 931, 176, 'V IM3 1,5GB 5D', 11000, 1),
(1171, 931, 150, 'V XL 6GB', 30000, 1),
(1172, 932, 176, 'V IM3 1,5GB 5D', 11000, 1),
(1173, 933, 178, 'MASKER VENUS', 1500, 50),
(1174, 934, 151, 'V XL 11GB', 40000, 1),
(1175, 935, 173, 'V AXIS 1GB 5D', 10000, 2),
(1176, 936, 173, 'V AXIS 1GB 5D', 10000, 1),
(1177, 938, 195, 'V SMART UNLI 7 HARI', 23000, 1),
(1178, 939, 217, 'TG REALME 5 PRO FULL CRAMIC', 20000, 1),
(1179, 940, 195, 'V SMART UNLI 7 HARI', 23000, 1),
(1180, 941, 146, 'V IM3 6GB', 29000, 1),
(1181, 942, 176, 'V IM3 1,5GB 5D', 11000, 1),
(1182, 943, 173, 'V AXIS 1GB 5D', 10000, 1),
(1183, 944, 150, 'V XL 6GB', 30000, 1),
(1184, 945, 174, 'V IM3 3GB', 20000, 1),
(1185, 946, 174, 'V IM3 3GB', 20000, 1),
(1186, 946, 177, 'V TELKOMSEL 8 GB', 60000, 1),
(1187, 947, 139, 'SP TELKOMSEL 5GB', 21000, 1),
(1188, 948, 176, 'V IM3 1,5GB 5D', 11000, 1),
(1189, 949, 140, 'V TELKOMSEL 2,5GB', 15000, 1),
(1190, 950, 195, 'V SMART UNLI 7 HARI', 23000, 1),
(1191, 951, 150, 'V XL 6GB', 30000, 1),
(1192, 952, 176, 'V IM3 1,5GB 5D', 11000, 1),
(1193, 953, 198, 'V AXIS 3GB 15D', 23000, 1),
(1194, 954, 155, 'V AXIS 2GB 30D', 24000, 1),
(1195, 954, 139, 'SP TELKOMSEL 5GB', 21000, 1),
(1196, 955, 124, 'OTG ANDROID', 2500, 1),
(1197, 955, 195, 'V SMART UNLI 7 HARI', 23000, 1),
(1198, 956, 150, 'V XL 6GB', 30000, 1),
(1199, 957, 140, 'V TELKOMSEL 2,5GB', 15000, 2),
(1200, 958, 182, 'V IM3 3 GB UNL', 62000, 1),
(1201, 959, 173, 'V AXIS 1GB 5D', 10000, 1),
(1202, 960, 140, 'V TELKOMSEL 2,5GB', 15000, 1),
(1203, 960, 150, 'V XL 6GB', 30000, 1),
(1204, 961, 175, 'V IM3 10GB', 40000, 1);
INSERT INTO `sell_detail` (`id_sdet`, `sell_id`, `product_id`, `product_name`, `product_price`, `product_qty`) VALUES
(1205, 961, 151, 'V XL 11GB', 40000, 1),
(1206, 962, 171, 'V TELKOMSEL 1,5GB', 11000, 1),
(1207, 963, 201, 'TC FOOMEE CC18 V8', 45000, 1),
(1208, 964, 174, 'V IM3 3GB', 20000, 1),
(1209, 964, 141, 'V TELKOMSEL 3,5GB', 25000, 1),
(1210, 965, 150, 'V XL 6GB', 30000, 1),
(1211, 966, 142, 'Sp IM3 2GB', 9000, 1),
(1212, 966, 148, 'SP XL 6GB', 30000, 1),
(1213, 967, 88, 'KABEL VIVAN CSM100 NEW', 25000, 1),
(1214, 968, 174, 'V IM3 3GB', 20000, 1),
(1215, 970, 141, 'V TELKOMSEL 3,5GB', 25000, 1),
(1216, 971, 87, 'KABEL ROBOT RBM100', 15000, 1),
(1217, 973, 150, 'V XL 6GB', 30000, 2),
(1218, 973, 173, 'V AXIS 1GB 5D', 10000, 3),
(1219, 973, 140, 'V TELKOMSEL 2,5GB', 13000, 2);

--
-- Trigger `sell_detail`
--
DELIMITER $$
CREATE TRIGGER `stok_product_change_sell_detail_delete` AFTER DELETE ON `sell_detail` FOR EACH ROW BEGIN    
    UPDATE products SET stok_product = stok_product + OLD.product_qty
    WHERE id_product = OLD.product_id;
END
$$
DELIMITER ;

-- --------------------------------------------------------

--
-- Struktur dari tabel `stores`
--

CREATE TABLE `stores` (
  `id_store` int(11) NOT NULL,
  `name_store` varchar(150) NOT NULL,
  `address_store` text NOT NULL,
  `telp_store` int(11) NOT NULL
) ENGINE=InnoDB DEFAULT CHARSET=utf8mb4;

-- --------------------------------------------------------

--
-- Struktur dari tabel `suppliers`
--

CREATE TABLE `suppliers` (
  `id_supplier` int(11) UNSIGNED NOT NULL,
  `name_supplier` varchar(255) NOT NULL,
  `address_supplier` text DEFAULT NULL,
  `telp_supplier` varchar(15) NOT NULL
) ENGINE=InnoDB DEFAULT CHARSET=utf8;

--
-- Dumping data untuk tabel `suppliers`
--

INSERT INTO `suppliers` (`id_supplier`, `name_supplier`, `address_supplier`, `telp_supplier`) VALUES
(1, 'ARIEF ACC', 'Jl. AH Nasution Mangkubumi Tasikmalaya', '0853-3337-8888'),
(3, 'dasf', 'asd', '23');

-- --------------------------------------------------------

--
-- Struktur dari tabel `userlogs`
--

CREATE TABLE `userlogs` (
  `userlogs_id` int(11) NOT NULL,
  `name` varchar(50) DEFAULT NULL,
  `activity` text DEFAULT NULL,
  `description` text DEFAULT NULL,
  `activity_date` datetime DEFAULT NULL
) ENGINE=InnoDB DEFAULT CHARSET=latin1;

-- --------------------------------------------------------

--
-- Struktur dari tabel `users`
--

CREATE TABLE `users` (
  `user_id` int(11) NOT NULL,
  `user_lang` varchar(2) NOT NULL DEFAULT 'en',
  `user_username` varchar(50) DEFAULT NULL,
  `user_email` varchar(100) NOT NULL,
  `user_name` varchar(100) DEFAULT NULL,
  `user_password` text NOT NULL,
  `user_group_id` int(11) DEFAULT NULL,
  `user_ip_address` varchar(16) DEFAULT NULL,
  `user_status` tinyint(1) NOT NULL DEFAULT 1,
  `user_last_login` datetime DEFAULT NULL
) ENGINE=InnoDB DEFAULT CHARSET=latin1;

--
-- Dumping data untuk tabel `users`
--

INSERT INTO `users` (`user_id`, `user_lang`, `user_username`, `user_email`, `user_name`, `user_password`, `user_group_id`, `user_ip_address`, `user_status`, `user_last_login`) VALUES
(1, 'en', 'superadmin', 'superadmin@test.id', 'Super Admin', '21232f297a57a5a743894a0e4a801fc3', 1, '', 1, '2020-03-09 12:27:53'),
(2, 'en', 'owner', 'owner@test.id', 'Owner', '$2y$10$T.XxjJIzLPNtt68189912OB/bom9DPuWrEjfdTMIiKcmIH/KX8cRe', 2, '', 1, '2020-02-18 00:00:00'),
(3, 'en', 'admin', 'admin@test.id', 'Admin', '21232f297a57a5a743894a0e4a801fc3', 3, '', 1, '2020-02-29 09:22:44'),
(4, 'en', 'guest', 'guest@test.id', 'Guest', '$2y$10$BoswVmy7LVWvSI0v3.EGYuVVE6UhCSylfJc1/WYcqHK0KTSiguZ3q', 4, '', 1, '2020-02-18 00:00:00');

-- --------------------------------------------------------

--
-- Struktur dari tabel `user_groups`
--

CREATE TABLE `user_groups` (
  `user_group_id` int(11) NOT NULL,
  `user_group_name` varchar(32) NOT NULL,
  `user_group_note` text NOT NULL,
  `user_group_status` tinyint(1) NOT NULL DEFAULT 1,
  `user_group_limit` int(11) NOT NULL DEFAULT 0
) ENGINE=InnoDB DEFAULT CHARSET=latin1;

--
-- Dumping data untuk tabel `user_groups`
--

INSERT INTO `user_groups` (`user_group_id`, `user_group_name`, `user_group_note`, `user_group_status`, `user_group_limit`) VALUES
(1, 'Super Admin', 'All Access', 1, 1),
(2, 'Owner', 'All Access', 1, 1),
(3, 'Admin', 'Selected Access for Admin', 1, 2),
(4, 'Guest', 'Selected Access for Guest', 1, 1);

-- --------------------------------------------------------

--
-- Struktur dari tabel `user_menus`
--

CREATE TABLE `user_menus` (
  `id` int(11) NOT NULL,
  `parent_id` int(11) NOT NULL DEFAULT 0,
  `name` varchar(32) NOT NULL,
  `tag` varchar(32) NOT NULL,
  `url` varchar(32) NOT NULL,
  `icon_menu` varchar(25) DEFAULT NULL,
  `show_in_menu` tinyint(1) NOT NULL DEFAULT 0
) ENGINE=InnoDB DEFAULT CHARSET=latin1;

--
-- Dumping data untuk tabel `user_menus`
--

INSERT INTO `user_menus` (`id`, `parent_id`, `name`, `tag`, `url`, `icon_menu`, `show_in_menu`) VALUES
(1, 0, 'Dashboard', '', 'dashboard', 'fa fa-home', 1),
(16, 0, 'Karyawan', '', 'employee', 'fa fa-address-card', 1),
(17, 16, 'Karyawan Aktif', '', '', NULL, 1),
(18, 16, 'Karyawan Arsip', '', 'archives', NULL, 1),
(19, 0, 'Report', '', 'report', 'fa fa-print', 1),
(20, 19, 'Semua Karyawan', '', 'all_employee', NULL, 1),
(21, 19, 'Per Karyawan', '', 'per_employee', NULL, 1),
(22, 0, 'Setting', '', 'setting', 'fa fa-cog', 1),
(23, 22, 'Site Setting', '', 'site_setting', NULL, 1),
(24, 22, 'Menu Setting', '', 'menu_setting', NULL, 1),
(37, 0, 'List Harians', '', 'listings', 'fa fa-home', 0);

-- --------------------------------------------------------

--
-- Struktur dari tabel `user_rules`
--

CREATE TABLE `user_rules` (
  `rules_id` int(11) NOT NULL,
  `group_id` int(11) NOT NULL,
  `menu_id` int(11) NOT NULL
) ENGINE=InnoDB DEFAULT CHARSET=latin1;

--
-- Dumping data untuk tabel `user_rules`
--

INSERT INTO `user_rules` (`rules_id`, `group_id`, `menu_id`) VALUES
(23, 1, 16),
(24, 1, 17),
(25, 1, 18),
(26, 1, 19),
(27, 1, 20),
(28, 1, 21),
(29, 1, 22),
(30, 1, 23),
(31, 1, 24),
(32, 1, 25),
(35, 1, 28),
(36, 1, 29),
(39, 1, 32),
(40, 1, 33),
(41, 1, 34),
(42, 1, 35),
(43, 1, 36),
(44, 1, 1),
(45, 1, 37);

--
-- Indexes for dumped tables
--

--
-- Indeks untuk tabel `buys`
--
ALTER TABLE `buys`
  ADD PRIMARY KEY (`id_buy`);

--
-- Indeks untuk tabel `buy_details`
--
ALTER TABLE `buy_details`
  ADD PRIMARY KEY (`id_bdet`);

--
-- Indeks untuk tabel `customers`
--
ALTER TABLE `customers`
  ADD PRIMARY KEY (`id_costumer`);

--
-- Indeks untuk tabel `mutasi`
--
ALTER TABLE `mutasi`
  ADD PRIMARY KEY (`id_mutasi`);

--
-- Indeks untuk tabel `mutasi_details`
--
ALTER TABLE `mutasi_details`
  ADD PRIMARY KEY (`id_mdet`);

--
-- Indeks untuk tabel `products`
--
ALTER TABLE `products`
  ADD PRIMARY KEY (`id_product`);

--
-- Indeks untuk tabel `retur`
--
ALTER TABLE `retur`
  ADD PRIMARY KEY (`id_retur`);

--
-- Indeks untuk tabel `retur_details`
--
ALTER TABLE `retur_details`
  ADD PRIMARY KEY (`id_rdet`);

--
-- Indeks untuk tabel `satuans`
--
ALTER TABLE `satuans`
  ADD PRIMARY KEY (`id_satuan`);

--
-- Indeks untuk tabel `sell`
--
ALTER TABLE `sell`
  ADD PRIMARY KEY (`id_sell`);

--
-- Indeks untuk tabel `sell_detail`
--
ALTER TABLE `sell_detail`
  ADD PRIMARY KEY (`id_sdet`);

--
-- Indeks untuk tabel `stores`
--
ALTER TABLE `stores`
  ADD PRIMARY KEY (`id_store`);

--
-- Indeks untuk tabel `suppliers`
--
ALTER TABLE `suppliers`
  ADD PRIMARY KEY (`id_supplier`);

--
-- Indeks untuk tabel `userlogs`
--
ALTER TABLE `userlogs`
  ADD PRIMARY KEY (`userlogs_id`),
  ADD KEY `name` (`name`),
  ADD KEY `activity_date` (`activity_date`);

--
-- Indeks untuk tabel `users`
--
ALTER TABLE `users`
  ADD PRIMARY KEY (`user_id`),
  ADD KEY `user_username` (`user_username`),
  ADD KEY `user_group_id` (`user_group_id`) USING BTREE;

--
-- Indeks untuk tabel `user_groups`
--
ALTER TABLE `user_groups`
  ADD KEY `groups` (`user_group_id`,`user_group_name`);

--
-- Indeks untuk tabel `user_menus`
--
ALTER TABLE `user_menus`
  ADD PRIMARY KEY (`id`),
  ADD KEY `parent_id` (`parent_id`),
  ADD KEY `name` (`name`) USING BTREE,
  ADD KEY `url` (`url`);

--
-- Indeks untuk tabel `user_rules`
--
ALTER TABLE `user_rules`
  ADD PRIMARY KEY (`rules_id`),
  ADD KEY `group` (`group_id`) USING BTREE,
  ADD KEY `menu` (`menu_id`) USING BTREE;

--
-- AUTO_INCREMENT untuk tabel yang dibuang
--

--
-- AUTO_INCREMENT untuk tabel `buys`
--
ALTER TABLE `buys`
  MODIFY `id_buy` int(11) UNSIGNED NOT NULL AUTO_INCREMENT, AUTO_INCREMENT=119;

--
-- AUTO_INCREMENT untuk tabel `buy_details`
--
ALTER TABLE `buy_details`
  MODIFY `id_bdet` int(11) UNSIGNED NOT NULL AUTO_INCREMENT, AUTO_INCREMENT=500;

--
-- AUTO_INCREMENT untuk tabel `customers`
--
ALTER TABLE `customers`
  MODIFY `id_costumer` int(11) NOT NULL AUTO_INCREMENT, AUTO_INCREMENT=5;

--
-- AUTO_INCREMENT untuk tabel `mutasi`
--
ALTER TABLE `mutasi`
  MODIFY `id_mutasi` int(11) NOT NULL AUTO_INCREMENT;

--
-- AUTO_INCREMENT untuk tabel `mutasi_details`
--
ALTER TABLE `mutasi_details`
  MODIFY `id_mdet` int(11) NOT NULL AUTO_INCREMENT;

--
-- AUTO_INCREMENT untuk tabel `products`
--
ALTER TABLE `products`
  MODIFY `id_product` int(11) UNSIGNED NOT NULL AUTO_INCREMENT, AUTO_INCREMENT=223;

--
-- AUTO_INCREMENT untuk tabel `retur`
--
ALTER TABLE `retur`
  MODIFY `id_retur` int(11) NOT NULL AUTO_INCREMENT;

--
-- AUTO_INCREMENT untuk tabel `retur_details`
--
ALTER TABLE `retur_details`
  MODIFY `id_rdet` int(11) NOT NULL AUTO_INCREMENT;

--
-- AUTO_INCREMENT untuk tabel `satuans`
--
ALTER TABLE `satuans`
  MODIFY `id_satuan` int(11) UNSIGNED NOT NULL AUTO_INCREMENT, AUTO_INCREMENT=4;

--
-- AUTO_INCREMENT untuk tabel `sell`
--
ALTER TABLE `sell`
  MODIFY `id_sell` int(11) UNSIGNED NOT NULL AUTO_INCREMENT, AUTO_INCREMENT=974;

--
-- AUTO_INCREMENT untuk tabel `sell_detail`
--
ALTER TABLE `sell_detail`
  MODIFY `id_sdet` int(11) UNSIGNED NOT NULL AUTO_INCREMENT, AUTO_INCREMENT=1220;

--
-- AUTO_INCREMENT untuk tabel `stores`
--
ALTER TABLE `stores`
  MODIFY `id_store` int(11) NOT NULL AUTO_INCREMENT;

--
-- AUTO_INCREMENT untuk tabel `suppliers`
--
ALTER TABLE `suppliers`
  MODIFY `id_supplier` int(11) UNSIGNED NOT NULL AUTO_INCREMENT, AUTO_INCREMENT=4;
COMMIT;

/*!40101 SET CHARACTER_SET_CLIENT=@OLD_CHARACTER_SET_CLIENT */;
/*!40101 SET CHARACTER_SET_RESULTS=@OLD_CHARACTER_SET_RESULTS */;
/*!40101 SET COLLATION_CONNECTION=@OLD_COLLATION_CONNECTION */;
